Gene Symbol,Description,Category,Gifts,GC Id,Relevance score, GeneCards Link
"ASAH1","N-Acylsphingosine Amidohydrolase 1","Protein Coding","46","GC08M018055","27.1231117248535","https://www.genecards.org/cgi-bin/carddisp.pl?gene=ASAH1"
"FLNA","Filamin A","Protein Coding","49","GC0XM154348","18.7732772827148","https://www.genecards.org/cgi-bin/carddisp.pl?gene=FLNA"
"TKCR","Torticollis, Keloids, Cryptorchidism And Renal Dysplasia","Genetic Locus","2","GC0XU990226","15.9782981872559","https://www.genecards.org/cgi-bin/carddisp.pl?gene=TKCR"
"DDR2","Discoidin Domain Receptor Tyrosine Kinase 2","Protein Coding","50","GC01P162631","13.5721082687378","https://www.genecards.org/cgi-bin/carddisp.pl?gene=DDR2"
"PDGFRB","Platelet Derived Growth Factor Receptor Beta","Protein Coding","54","GC05M150113","11.400333404541","https://www.genecards.org/cgi-bin/carddisp.pl?gene=PDGFRB"
"MAP3K7","Mitogen-Activated Protein Kinase Kinase Kinase 7","Protein Coding","51","GC06M090513","9.96139717102051","https://www.genecards.org/cgi-bin/carddisp.pl?gene=MAP3K7"
"NEDD4","NEDD4 E3 Ubiquitin Protein Ligase","Protein Coding","47","GC15M055826","8.3657112121582","https://www.genecards.org/cgi-bin/carddisp.pl?gene=NEDD4"
"TGFB1","Transforming Growth Factor Beta 1","Protein Coding","51","GC19M041301","8.26183891296387","https://www.genecards.org/cgi-bin/carddisp.pl?gene=TGFB1"
"IL6","Interleukin 6","Protein Coding","48","GC07P022725","7.91209030151367","https://www.genecards.org/cgi-bin/carddisp.pl?gene=IL6"
"MIR21","MicroRNA 21","RNA Gene","24","GC17P059841","7.87051248550415","https://www.genecards.org/cgi-bin/carddisp.pl?gene=MIR21"
"TGFBR1","Transforming Growth Factor Beta Receptor 1","Protein Coding","52","GC09P099104","7.49846267700195","https://www.genecards.org/cgi-bin/carddisp.pl?gene=TGFBR1"
"APC","APC Regulator Of WNT Signaling Pathway","Protein Coding","48","GC05P112707","6.40478658676147","https://www.genecards.org/cgi-bin/carddisp.pl?gene=APC"
"ANXA2","Annexin A2","Protein Coding","48","GC15M060347","6.3647608757019","https://www.genecards.org/cgi-bin/carddisp.pl?gene=ANXA2"
"AGPAT5","1-Acylglycerol-3-Phosphate O-Acyltransferase 5","Protein Coding","41","GC08P006708","6.28688097000122","https://www.genecards.org/cgi-bin/carddisp.pl?gene=AGPAT5"
"PTEN","Phosphatase And Tensin Homolog","Protein Coding","52","GC10P087863","6.25429391860962","https://www.genecards.org/cgi-bin/carddisp.pl?gene=PTEN"
"EP300","E1A Binding Protein P300","Protein Coding","51","GC22P041091","6.25349426269531","https://www.genecards.org/cgi-bin/carddisp.pl?gene=EP300"
"HOXA11-AS","HOXA11 Antisense RNA","RNA Gene","21","GC07P027184","6.19998407363892","https://www.genecards.org/cgi-bin/carddisp.pl?gene=HOXA11-AS"
"HOXA11","Homeobox A11","Protein Coding","41","GC07M027365","5.72580814361572","https://www.genecards.org/cgi-bin/carddisp.pl?gene=HOXA11"
"MIR124-3","MicroRNA 124-3","RNA Gene","18","GC20P063180","5.67537069320679","https://www.genecards.org/cgi-bin/carddisp.pl?gene=MIR124-3"
"UBE2L3","Ubiquitin Conjugating Enzyme E2 L3","Protein Coding","45","GC22P021549","5.64742755889893","https://www.genecards.org/cgi-bin/carddisp.pl?gene=UBE2L3"
"CREBBP","CREB Binding Protein","Protein Coding","52","GC16M004002","5.50197172164917","https://www.genecards.org/cgi-bin/carddisp.pl?gene=CREBBP"
"H19","H19 Imprinted Maternally Expressed Transcript","RNA Gene","28","GC11M001995","5.23042058944702","https://www.genecards.org/cgi-bin/carddisp.pl?gene=H19"
"TP53","Tumor Protein P53","Protein Coding","52","GC17M007661","4.83623218536377","https://www.genecards.org/cgi-bin/carddisp.pl?gene=TP53"
"SERPINE1","Serpin Family E Member 1","Protein Coding","50","GC07P101127","4.36206817626953","https://www.genecards.org/cgi-bin/carddisp.pl?gene=SERPINE1"
"SMAD3","SMAD Family Member 3","Protein Coding","49","GC15P067063","4.35483551025391","https://www.genecards.org/cgi-bin/carddisp.pl?gene=SMAD3"
"COL7A1","Collagen Type VII Alpha 1 Chain","Protein Coding","44","GC03M048564","3.92658424377441","https://www.genecards.org/cgi-bin/carddisp.pl?gene=COL7A1"
"COL17A1","Collagen Type XVII Alpha 1 Chain","Protein Coding","44","GC10M104031","3.72763323783875","https://www.genecards.org/cgi-bin/carddisp.pl?gene=COL17A1"
"STAT3","Signal Transducer And Activator Of Transcription 3","Protein Coding","52","GC17M042313","3.63790941238403","https://www.genecards.org/cgi-bin/carddisp.pl?gene=STAT3"
"SMAD2","SMAD Family Member 2","Protein Coding","47","GC18M047809","3.61324667930603","https://www.genecards.org/cgi-bin/carddisp.pl?gene=SMAD2"
"TGFBR2","Transforming Growth Factor Beta Receptor 2","Protein Coding","50","GC03P030623","3.53099679946899","https://www.genecards.org/cgi-bin/carddisp.pl?gene=TGFBR2"
"CACNA1G-AS1","CACNA1G Antisense RNA 1","RNA Gene","15","GC17M050600","3.39117884635925","https://www.genecards.org/cgi-bin/carddisp.pl?gene=CACNA1G-AS1"
"ATP7A","ATPase Copper Transporting Alpha","Protein Coding","46","GC0XP077948","3.37105417251587","https://www.genecards.org/cgi-bin/carddisp.pl?gene=ATP7A"
"FGF2","Fibroblast Growth Factor 2","Protein Coding","47","GC04P122826","3.36535263061523","https://www.genecards.org/cgi-bin/carddisp.pl?gene=FGF2"
"VEGFA","Vascular Endothelial Growth Factor A","Protein Coding","48","GC06P043770","3.2625470161438","https://www.genecards.org/cgi-bin/carddisp.pl?gene=VEGFA"
"CD36","CD36 Molecule","Protein Coding","48","GC07P080369","3.24342370033264","https://www.genecards.org/cgi-bin/carddisp.pl?gene=CD36"
"TGFB2","Transforming Growth Factor Beta 2","Protein Coding","50","GC01P218345","3.22393465042114","https://www.genecards.org/cgi-bin/carddisp.pl?gene=TGFB2"
"SMAD7","SMAD Family Member 7","Protein Coding","43","GC18M048919","3.20854139328003","https://www.genecards.org/cgi-bin/carddisp.pl?gene=SMAD7"
"LOC107988032","Xq28 Proximal FLNA-EMD Recombination Region","Biological Region","2","GC0XP154335","3.19136500358582","https://www.genecards.org/cgi-bin/carddisp.pl?gene=LOC107988032"
"MMP1","Matrix Metallopeptidase 1","Protein Coding","51","GC11M102810","3.11388158798218","https://www.genecards.org/cgi-bin/carddisp.pl?gene=MMP1"
"TGFB3","Transforming Growth Factor Beta 3","Protein Coding","46","GC14M075958","3.05491352081299","https://www.genecards.org/cgi-bin/carddisp.pl?gene=TGFB3"
"SMAD4","SMAD Family Member 4","Protein Coding","50","GC18P051028","3.03373241424561","https://www.genecards.org/cgi-bin/carddisp.pl?gene=SMAD4"
"KRT75","Keratin 75","Protein Coding","36","GC12M052425","3.03373241424561","https://www.genecards.org/cgi-bin/carddisp.pl?gene=KRT75"
"MMP2","Matrix Metallopeptidase 2","Protein Coding","52","GC16P055390","3.02722239494324","https://www.genecards.org/cgi-bin/carddisp.pl?gene=MMP2"
"CTNNB1","Catenin Beta 1","Protein Coding","53","GC03P041236","3.00539040565491","https://www.genecards.org/cgi-bin/carddisp.pl?gene=CTNNB1"
"FAS","Fas Cell Surface Death Receptor","Protein Coding","50","GC10P088969","2.99655032157898","https://www.genecards.org/cgi-bin/carddisp.pl?gene=FAS"
"OCRL","OCRL Inositol Polyphosphate-5-Phosphatase","Protein Coding","45","GC0XP129539","2.88244009017944","https://www.genecards.org/cgi-bin/carddisp.pl?gene=OCRL"
"HLA-DRB1","Major Histocompatibility Complex, Class II, DR Beta 1","Protein Coding","47","GC06M032578","2.81992340087891","https://www.genecards.org/cgi-bin/carddisp.pl?gene=HLA-DRB1"
"ELN","Elastin","Protein Coding","45","GC07P074027","2.80865383148193","https://www.genecards.org/cgi-bin/carddisp.pl?gene=ELN"
"CCN2","Cellular Communication Network Factor 2","Protein Coding","38","GC06M131948","2.80024528503418","https://www.genecards.org/cgi-bin/carddisp.pl?gene=CCN2"
"NOTCH3","Notch Receptor 3","Protein Coding","50","GC19M015159","2.77821230888367","https://www.genecards.org/cgi-bin/carddisp.pl?gene=NOTCH3"
"TIMP2","TIMP Metallopeptidase Inhibitor 2","Protein Coding","43","GC17M078852","2.76010751724243","https://www.genecards.org/cgi-bin/carddisp.pl?gene=TIMP2"
"IFNG","Interferon Gamma","Protein Coding","47","GC12M068154","2.7134325504303","https://www.genecards.org/cgi-bin/carddisp.pl?gene=IFNG"
"HIF1A","Hypoxia Inducible Factor 1 Subunit Alpha","Protein Coding","47","GC14P061695","2.67409896850586","https://www.genecards.org/cgi-bin/carddisp.pl?gene=HIF1A"
"MAPK14","Mitogen-Activated Protein Kinase 14","Protein Coding","51","GC06P058451","2.65409350395203","https://www.genecards.org/cgi-bin/carddisp.pl?gene=MAPK14"
"MAPK8","Mitogen-Activated Protein Kinase 8","Protein Coding","50","GC10P048306","2.64140892028809","https://www.genecards.org/cgi-bin/carddisp.pl?gene=MAPK8"
"CCND1","Cyclin D1","Protein Coding","52","GC11P069641","2.63698720932007","https://www.genecards.org/cgi-bin/carddisp.pl?gene=CCND1"
"ITGA6","Integrin Subunit Alpha 6","Protein Coding","49","GC02P172427","2.63583469390869","https://www.genecards.org/cgi-bin/carddisp.pl?gene=ITGA6"
"ITGB4","Integrin Subunit Beta 4","Protein Coding","48","GC17P075721","2.63583469390869","https://www.genecards.org/cgi-bin/carddisp.pl?gene=ITGB4"
"LAMC2","Laminin Subunit Gamma 2","Protein Coding","46","GC01P183186","2.63583469390869","https://www.genecards.org/cgi-bin/carddisp.pl?gene=LAMC2"
"LAMB3","Laminin Subunit Beta 3","Protein Coding","45","GC01M209614","2.63583469390869","https://www.genecards.org/cgi-bin/carddisp.pl?gene=LAMB3"
"LAMA3","Laminin Subunit Alpha 3","Protein Coding","44","GC18P023689","2.63583469390869","https://www.genecards.org/cgi-bin/carddisp.pl?gene=LAMA3"
"AEBP1","AE Binding Protein 1","Protein Coding","40","GC07P044106","2.63583469390869","https://www.genecards.org/cgi-bin/carddisp.pl?gene=AEBP1"
"MIR936","MicroRNA 936","RNA Gene","16","GC10M104048","2.63583469390869","https://www.genecards.org/cgi-bin/carddisp.pl?gene=MIR936"
"DEL16P13.3","Chromosome 16p13.3 Deletion Syndrome","Genetic Locus","1","GC16U901753","2.63583469390869","https://www.genecards.org/cgi-bin/carddisp.pl?gene=DEL16P13.3"
"FOXL2","Forkhead Box L2","Protein Coding","41","GC03M138944","2.60189771652222","https://www.genecards.org/cgi-bin/carddisp.pl?gene=FOXL2"
"MAPK1","Mitogen-Activated Protein Kinase 1","Protein Coding","52","GC22M021754","2.57239031791687","https://www.genecards.org/cgi-bin/carddisp.pl?gene=MAPK1"
"PTGS2","Prostaglandin-Endoperoxide Synthase 2","Protein Coding","48","GC01M186640","2.57036447525024","https://www.genecards.org/cgi-bin/carddisp.pl?gene=PTGS2"
"TIMP1","TIMP Metallopeptidase Inhibitor 1","Protein Coding","44","GC0XP047583","2.50565147399902","https://www.genecards.org/cgi-bin/carddisp.pl?gene=TIMP1"
"POSTN","Periostin","Protein Coding","43","GC13M037562","2.49119114875793","https://www.genecards.org/cgi-bin/carddisp.pl?gene=POSTN"
"SERPINH1","Serpin Family H Member 1","Protein Coding","45","GC11P075562","2.46842813491821","https://www.genecards.org/cgi-bin/carddisp.pl?gene=SERPINH1"
"FBLN5","Fibulin 5","Protein Coding","45","GC14M091869","2.34667205810547","https://www.genecards.org/cgi-bin/carddisp.pl?gene=FBLN5"
"ITGB1","Integrin Subunit Beta 1","Protein Coding","50","GC10M032892","2.3310911655426","https://www.genecards.org/cgi-bin/carddisp.pl?gene=ITGB1"
"RUNX3","RUNX Family Transcription Factor 3","Protein Coding","43","GC01M024899","2.19369149208069","https://www.genecards.org/cgi-bin/carddisp.pl?gene=RUNX3"
"FBN1","Fibrillin 1","Protein Coding","46","GC15M048408","2.18307018280029","https://www.genecards.org/cgi-bin/carddisp.pl?gene=FBN1"
"PCNA","Proliferating Cell Nuclear Antigen","Protein Coding","51","GC20M005114","2.17796730995178","https://www.genecards.org/cgi-bin/carddisp.pl?gene=PCNA"
"TIMP3","TIMP Metallopeptidase Inhibitor 3","Protein Coding","45","GC22P032800","2.17791032791138","https://www.genecards.org/cgi-bin/carddisp.pl?gene=TIMP3"
"RUNX2","RUNX Family Transcription Factor 2","Protein Coding","48","GC06P058536","2.16184496879578","https://www.genecards.org/cgi-bin/carddisp.pl?gene=RUNX2"
"DCN","Decorin","Protein Coding","46","GC12M091140","2.16184496879578","https://www.genecards.org/cgi-bin/carddisp.pl?gene=DCN"
"PIK3CG","Phosphatidylinositol-4,5-Bisphosphate 3-Kinase Catalytic Subunit Gamma","Protein Coding","48","GC07P106865","2.12827324867249","https://www.genecards.org/cgi-bin/carddisp.pl?gene=PIK3CG"
"BMP6","Bone Morphogenetic Protein 6","Protein Coding","43","GC06P007726","2.11278557777405","https://www.genecards.org/cgi-bin/carddisp.pl?gene=BMP6"
"SP1","Sp1 Transcription Factor","Protein Coding","44","GC12P053380","2.11074566841125","https://www.genecards.org/cgi-bin/carddisp.pl?gene=SP1"
"TMSB4X","Thymosin Beta 4 X-Linked","Protein Coding","40","GC0XP012975","2.1016104221344","https://www.genecards.org/cgi-bin/carddisp.pl?gene=TMSB4X"
"HYAL1","Hyaluronidase 1","Protein Coding","46","GC03M050299","2.10144543647766","https://www.genecards.org/cgi-bin/carddisp.pl?gene=HYAL1"
"DUSP10","Dual Specificity Phosphatase 10","Protein Coding","44","GC01M221701","2.10144543647766","https://www.genecards.org/cgi-bin/carddisp.pl?gene=DUSP10"
"MMP9","Matrix Metallopeptidase 9","Protein Coding","53","GC20P046008","2.09266138076782","https://www.genecards.org/cgi-bin/carddisp.pl?gene=MMP9"
"JUN","Jun Proto-Oncogene, AP-1 Transcription Factor Subunit","Protein Coding","48","GC01M058780","2.09266138076782","https://www.genecards.org/cgi-bin/carddisp.pl?gene=JUN"
"VDR","Vitamin D Receptor","Protein Coding","51","GC12M047841","2.07396340370178","https://www.genecards.org/cgi-bin/carddisp.pl?gene=VDR"
"AKT1","AKT Serine/Threonine Kinase 1","Protein Coding","53","GC14M104769","2.06891942024231","https://www.genecards.org/cgi-bin/carddisp.pl?gene=AKT1"
"HTRA1","HtrA Serine Peptidase 1","Protein Coding","44","GC10P122461","2.0523669719696","https://www.genecards.org/cgi-bin/carddisp.pl?gene=HTRA1"
"PDGFB","Platelet Derived Growth Factor Subunit B","Protein Coding","49","GC22M050295","2.02772903442383","https://www.genecards.org/cgi-bin/carddisp.pl?gene=PDGFB"
"MMP13","Matrix Metallopeptidase 13","Protein Coding","50","GC11M102942","1.92622375488281","https://www.genecards.org/cgi-bin/carddisp.pl?gene=MMP13"
"NR3C1","Nuclear Receptor Subfamily 3 Group C Member 1","Protein Coding","50","GC05M143277","1.92052292823792","https://www.genecards.org/cgi-bin/carddisp.pl?gene=NR3C1"
"HLA-A","Major Histocompatibility Complex, Class I, A","Protein Coding","47","GC06P058250","1.89514541625977","https://www.genecards.org/cgi-bin/carddisp.pl?gene=HLA-A"
"HLA-B","Major Histocompatibility Complex, Class I, B","Protein Coding","47","GC06M049073","1.89514541625977","https://www.genecards.org/cgi-bin/carddisp.pl?gene=HLA-B"
"HLA-C","Major Histocompatibility Complex, Class I, C","Protein Coding","45","GC06M049072","1.89514541625977","https://www.genecards.org/cgi-bin/carddisp.pl?gene=HLA-C"
"TGFBR3","Transforming Growth Factor Beta Receptor 3","Protein Coding","46","GC01M091680","1.89315485954285","https://www.genecards.org/cgi-bin/carddisp.pl?gene=TGFBR3"
"PDGFRA","Platelet Derived Growth Factor Receptor Alpha","Protein Coding","54","GC04P054229","1.88535130023956","https://www.genecards.org/cgi-bin/carddisp.pl?gene=PDGFRA"
"MIR205","MicroRNA 205","RNA Gene","20","GC01P209432","1.87902307510376","https://www.genecards.org/cgi-bin/carddisp.pl?gene=MIR205"
"CASP6","Caspase 6","Protein Coding","48","GC04M109688","1.86247050762177","https://www.genecards.org/cgi-bin/carddisp.pl?gene=CASP6"
"HLA-DQA1","Major Histocompatibility Complex, Class II, DQ Alpha 1","Protein Coding","43","GC06P058340","1.86247050762177","https://www.genecards.org/cgi-bin/carddisp.pl?gene=HLA-DQA1"
"HLA-DQB1","Major Histocompatibility Complex, Class II, DQ Beta 1","Protein Coding","43","GC06M049175","1.86247050762177","https://www.genecards.org/cgi-bin/carddisp.pl?gene=HLA-DQB1"
"PTGS1","Prostaglandin-Endoperoxide Synthase 1","Protein Coding","46","GC09P122370","1.85960102081299","https://www.genecards.org/cgi-bin/carddisp.pl?gene=PTGS1"
"CDK11B","Cyclin Dependent Kinase 11B","Protein Coding","39","GC01M003099","1.84545135498047","https://www.genecards.org/cgi-bin/carddisp.pl?gene=CDK11B"
"TNC","Tenascin C","Protein Coding","49","GC09M115019","1.82792377471924","https://www.genecards.org/cgi-bin/carddisp.pl?gene=TNC"
"COL1A1","Collagen Type I Alpha 1 Chain","Protein Coding","50","GC17M050183","1.80983948707581","https://www.genecards.org/cgi-bin/carddisp.pl?gene=COL1A1"
"KRT2","Keratin 2","Protein Coding","41","GC12M052658","1.80675828456879","https://www.genecards.org/cgi-bin/carddisp.pl?gene=KRT2"
"CD34","CD34 Molecule","Protein Coding","43","GC01M207880","1.80194842815399","https://www.genecards.org/cgi-bin/carddisp.pl?gene=CD34"
"HDAC2","Histone Deacetylase 2","Protein Coding","51","GC06M113933","1.79411542415619","https://www.genecards.org/cgi-bin/carddisp.pl?gene=HDAC2"
"MYH9","Myosin Heavy Chain 9","Protein Coding","50","GC22M036281","1.79114162921906","https://www.genecards.org/cgi-bin/carddisp.pl?gene=MYH9"
"TNFRSF1B","TNF Receptor Superfamily Member 1B","Protein Coding","47","GC01P012167","1.79114162921906","https://www.genecards.org/cgi-bin/carddisp.pl?gene=TNFRSF1B"
"IL17A","Interleukin 17A","Protein Coding","41","GC06P052186","1.79114162921906","https://www.genecards.org/cgi-bin/carddisp.pl?gene=IL17A"
"FBXW2","F-Box And WD Repeat Domain Containing 2","Protein Coding","36","GC09M120751","1.79080986976624","https://www.genecards.org/cgi-bin/carddisp.pl?gene=FBXW2"
"TNFAIP6","TNF Alpha Induced Protein 6","Protein Coding","41","GC02P151357","1.77744448184967","https://www.genecards.org/cgi-bin/carddisp.pl?gene=TNFAIP6"
"FOS","Fos Proto-Oncogene, AP-1 Transcription Factor Subunit","Protein Coding","50","GC14P075278","1.77176308631897","https://www.genecards.org/cgi-bin/carddisp.pl?gene=FOS"
"MIR152","MicroRNA 152","RNA Gene","20","GC17M048037","1.77176308631897","https://www.genecards.org/cgi-bin/carddisp.pl?gene=MIR152"
"SMAD6","SMAD Family Member 6","Protein Coding","47","GC15P066702","1.75162386894226","https://www.genecards.org/cgi-bin/carddisp.pl?gene=SMAD6"
"FOXM1","Forkhead Box M1","Protein Coding","44","GC12M002857","1.75162386894226","https://www.genecards.org/cgi-bin/carddisp.pl?gene=FOXM1"
"GDF9","Growth Differentiation Factor 9","Protein Coding","40","GC05M132861","1.75162386894226","https://www.genecards.org/cgi-bin/carddisp.pl?gene=GDF9"
"TERT","Telomerase Reverse Transcriptase","Protein Coding","51","GC05M001253","1.73062646389008","https://www.genecards.org/cgi-bin/carddisp.pl?gene=TERT"
"IL10","Interleukin 10","Protein Coding","46","GC01M206767","1.73062646389008","https://www.genecards.org/cgi-bin/carddisp.pl?gene=IL10"
"BCL2L1","BCL2 Like 1","Protein Coding","47","GC20M031664","1.72434854507446","https://www.genecards.org/cgi-bin/carddisp.pl?gene=BCL2L1"
"MTOR","Mechanistic Target Of Rapamycin Kinase","Protein Coding","54","GC01M011106","1.70865082740784","https://www.genecards.org/cgi-bin/carddisp.pl?gene=MTOR"
"VCAN","Versican","Protein Coding","47","GC05P083471","1.70865082740784","https://www.genecards.org/cgi-bin/carddisp.pl?gene=VCAN"
"CD44","CD44 Molecule (Indian Blood Group)","Protein Coding","47","GC11P035139","1.68554615974426","https://www.genecards.org/cgi-bin/carddisp.pl?gene=CD44"
"AKR1B10","Aldo-Keto Reductase Family 1 Member B10","Protein Coding","43","GC07P134527","1.67003881931305","https://www.genecards.org/cgi-bin/carddisp.pl?gene=AKR1B10"
"SFRP2","Secreted Frizzled Related Protein 2","Protein Coding","42","GC04M153780","1.6611180305481","https://www.genecards.org/cgi-bin/carddisp.pl?gene=SFRP2"
"BCL2","BCL2 Apoptosis Regulator","Protein Coding","50","GC18M063123","1.65528702735901","https://www.genecards.org/cgi-bin/carddisp.pl?gene=BCL2"
"CCL2","C-C Motif Chemokine Ligand 2","Protein Coding","48","GC17P034255","1.65066027641296","https://www.genecards.org/cgi-bin/carddisp.pl?gene=CCL2"
"CMA1","Chymase 1","Protein Coding","44","GC14M024506","1.60952365398407","https://www.genecards.org/cgi-bin/carddisp.pl?gene=CMA1"
"FN1","Fibronectin 1","Protein Coding","50","GC02M215360","1.60716581344604","https://www.genecards.org/cgi-bin/carddisp.pl?gene=FN1"
"MET","MET Proto-Oncogene, Receptor Tyrosine Kinase","Protein Coding","53","GC07P116672","1.58754801750183","https://www.genecards.org/cgi-bin/carddisp.pl?gene=MET"
"HMGB1","High Mobility Group Box 1","Protein Coding","44","GC13M030456","1.57677924633026","https://www.genecards.org/cgi-bin/carddisp.pl?gene=HMGB1"
"CASP9","Caspase 9","Protein Coding","48","GC01M015491","1.56444334983826","https://www.genecards.org/cgi-bin/carddisp.pl?gene=CASP9"
"CYCS","Cytochrome C, Somatic","Protein Coding","48","GC07M025118","1.56444334983826","https://www.genecards.org/cgi-bin/carddisp.pl?gene=CYCS"
"APAF1","Apoptotic Peptidase Activating Factor 1","Protein Coding","47","GC12P098645","1.56444334983826","https://www.genecards.org/cgi-bin/carddisp.pl?gene=APAF1"
"NR4A1","Nuclear Receptor Subfamily 4 Group A Member 1","Protein Coding","47","GC12P052022","1.56070172786713","https://www.genecards.org/cgi-bin/carddisp.pl?gene=NR4A1"
"PAQR7","Progestin And AdipoQ Receptor Family Member 7","Protein Coding","37","GC01M025861","1.56070172786713","https://www.genecards.org/cgi-bin/carddisp.pl?gene=PAQR7"
"KLHL24","Kelch Like Family Member 24","Protein Coding","35","GC03P183635","1.56070172786713","https://www.genecards.org/cgi-bin/carddisp.pl?gene=KLHL24"
"CCDC65","Coiled-Coil Domain Containing 65","Protein Coding","34","GC12P048904","1.56070172786713","https://www.genecards.org/cgi-bin/carddisp.pl?gene=CCDC65"
"ATP5F1E","ATP Synthase F1 Subunit Epsilon","Protein Coding","33","GC20M059026","1.56070172786713","https://www.genecards.org/cgi-bin/carddisp.pl?gene=ATP5F1E"
"EGFR","Epidermal Growth Factor Receptor","Protein Coding","53","GC07P055019","1.54366374015808","https://www.genecards.org/cgi-bin/carddisp.pl?gene=EGFR"
"HSPB6","Heat Shock Protein Family B (Small) Member 6","Protein Coding","38","GC19M048375","1.54316842556","https://www.genecards.org/cgi-bin/carddisp.pl?gene=HSPB6"
"MMP14","Matrix Metallopeptidase 14","Protein Coding","51","GC14P026861","1.54001522064209","https://www.genecards.org/cgi-bin/carddisp.pl?gene=MMP14"
"CKLF","Chemokine Like Factor","Protein Coding","37","GC16P066552","1.54001522064209","https://www.genecards.org/cgi-bin/carddisp.pl?gene=CKLF"
"GAB1","GRB2 Associated Binding Protein 1","Protein Coding","44","GC04P143336","1.52428531646729","https://www.genecards.org/cgi-bin/carddisp.pl?gene=GAB1"
"DDR1","Discoidin Domain Receptor Tyrosine Kinase 1","Protein Coding","46","GC06P058289","1.49388980865479","https://www.genecards.org/cgi-bin/carddisp.pl?gene=DDR1"
"RAF1","Raf-1 Proto-Oncogene, Serine/Threonine Kinase","Protein Coding","54","GC03M012583","1.48606300354004","https://www.genecards.org/cgi-bin/carddisp.pl?gene=RAF1"
"KDR","Kinase Insert Domain Receptor","Protein Coding","52","GC04M055078","1.48606300354004","https://www.genecards.org/cgi-bin/carddisp.pl?gene=KDR"
"MIR199A1","MicroRNA 199a-1","RNA Gene","19","GC19M010817","1.48606300354004","https://www.genecards.org/cgi-bin/carddisp.pl?gene=MIR199A1"
"FASLG","Fas Ligand","Protein Coding","47","GC01P172628","1.4831485748291","https://www.genecards.org/cgi-bin/carddisp.pl?gene=FASLG"
"MMP8","Matrix Metallopeptidase 8","Protein Coding","48","GC11M102617","1.47687077522278","https://www.genecards.org/cgi-bin/carddisp.pl?gene=MMP8"
"HSPA9","Heat Shock Protein Family A (Hsp70) Member 9","Protein Coding","47","GC05M138554","1.46117305755615","https://www.genecards.org/cgi-bin/carddisp.pl?gene=HSPA9"
"IGF1R","Insulin Like Growth Factor 1 Receptor","Protein Coding","54","GC15P098648","1.45567643642426","https://www.genecards.org/cgi-bin/carddisp.pl?gene=IGF1R"
"CASP3","Caspase 3","Protein Coding","50","GC04M184627","1.45567643642426","https://www.genecards.org/cgi-bin/carddisp.pl?gene=CASP3"
"IFNA2","Interferon Alpha 2","Protein Coding","41","GC09M021384","1.44125890731812","https://www.genecards.org/cgi-bin/carddisp.pl?gene=IFNA2"
"TAGLN","Transgelin","Protein Coding","43","GC11P117199","1.40318250656128","https://www.genecards.org/cgi-bin/carddisp.pl?gene=TAGLN"
"FAP","Fibroblast Activation Protein Alpha","Protein Coding","42","GC02M162170","1.40318250656128","https://www.genecards.org/cgi-bin/carddisp.pl?gene=FAP"
"TP63","Tumor Protein P63","Protein Coding","48","GC03P189598","1.38763117790222","https://www.genecards.org/cgi-bin/carddisp.pl?gene=TP63"
"POMC","Proopiomelanocortin","Protein Coding","47","GC02M025160","1.38763117790222","https://www.genecards.org/cgi-bin/carddisp.pl?gene=POMC"
"PHGDH","Phosphoglycerate Dehydrogenase","Protein Coding","50","GC01P119660","1.38304328918457","https://www.genecards.org/cgi-bin/carddisp.pl?gene=PHGDH"
"MAPK10","Mitogen-Activated Protein Kinase 10","Protein Coding","50","GC04M085990","1.38304328918457","https://www.genecards.org/cgi-bin/carddisp.pl?gene=MAPK10"
"LEPR","Leptin Receptor","Protein Coding","49","GC01P065421","1.38304328918457","https://www.genecards.org/cgi-bin/carddisp.pl?gene=LEPR"
"NME2","NME/NM23 Nucleoside Diphosphate Kinase 2","Protein Coding","46","GC17P051165","1.38304328918457","https://www.genecards.org/cgi-bin/carddisp.pl?gene=NME2"
"IL11RA","Interleukin 11 Receptor Subunit Alpha","Protein Coding","45","GC09P034650","1.38304328918457","https://www.genecards.org/cgi-bin/carddisp.pl?gene=IL11RA"
"SHC1","SHC Adaptor Protein 1","Protein Coding","45","GC01M154962","1.38304328918457","https://www.genecards.org/cgi-bin/carddisp.pl?gene=SHC1"
"CBR3","Carbonyl Reductase 3","Protein Coding","43","GC21P036134","1.38304328918457","https://www.genecards.org/cgi-bin/carddisp.pl?gene=CBR3"
"SFRP1","Secreted Frizzled Related Protein 1","Protein Coding","43","GC08M041262","1.38304328918457","https://www.genecards.org/cgi-bin/carddisp.pl?gene=SFRP1"
"DYNLL1","Dynein Light Chain LC8-Type 1","Protein Coding","41","GC12P120469","1.38304328918457","https://www.genecards.org/cgi-bin/carddisp.pl?gene=DYNLL1"
"RRP1","Ribosomal RNA Processing 1","Protein Coding","34","GC21P043789","1.38304328918457","https://www.genecards.org/cgi-bin/carddisp.pl?gene=RRP1"
"CXCR2","C-X-C Motif Chemokine Receptor 2","Protein Coding","48","GC02P218125","1.3620457649231","https://www.genecards.org/cgi-bin/carddisp.pl?gene=CXCR2"
"COMP","Cartilage Oligomeric Matrix Protein","Protein Coding","48","GC19M018783","1.3620457649231","https://www.genecards.org/cgi-bin/carddisp.pl?gene=COMP"
"EGR1","Early Growth Response 1","Protein Coding","43","GC05P138465","1.3620457649231","https://www.genecards.org/cgi-bin/carddisp.pl?gene=EGR1"
"PTBP1","Polypyrimidine Tract Binding Protein 1","Protein Coding","43","GC19P000797","1.3620457649231","https://www.genecards.org/cgi-bin/carddisp.pl?gene=PTBP1"
"MIR141","MicroRNA 141","RNA Gene","22","GC12P013193","1.3620457649231","https://www.genecards.org/cgi-bin/carddisp.pl?gene=MIR141"
"MIR203A","MicroRNA 203a","RNA Gene","20","GC14P106542","1.3620457649231","https://www.genecards.org/cgi-bin/carddisp.pl?gene=MIR203A"
"WNT2","Wnt Family Member 2","Protein Coding","44","GC07M117277","1.34007024765015","https://www.genecards.org/cgi-bin/carddisp.pl?gene=WNT2"
"HSPA4","Heat Shock Protein Family A (Hsp70) Member 4","Protein Coding","42","GC05P133051","1.34007024765015","https://www.genecards.org/cgi-bin/carddisp.pl?gene=HSPA4"
"NEAT1","Nuclear Paraspeckle Assembly Transcript 1","RNA Gene","23","GC11P066811","1.34007024765015","https://www.genecards.org/cgi-bin/carddisp.pl?gene=NEAT1"
"MIR196B","MicroRNA 196b","RNA Gene","20","GC07M027366","1.34007024765015","https://www.genecards.org/cgi-bin/carddisp.pl?gene=MIR196B"
"ACTC1","Actin Alpha Cardiac Muscle 1","Protein Coding","43","GC15M034790","1.321497797966","https://www.genecards.org/cgi-bin/carddisp.pl?gene=ACTC1"
"CYP3A4","Cytochrome P450 Family 3 Subfamily A Member 4","Protein Coding","51","GC07M099759","1.31696557998657","https://www.genecards.org/cgi-bin/carddisp.pl?gene=CYP3A4"
"DPP4","Dipeptidyl Peptidase 4","Protein Coding","49","GC02M161992","1.31696557998657","https://www.genecards.org/cgi-bin/carddisp.pl?gene=DPP4"
"NR2F2","Nuclear Receptor Subfamily 2 Group F Member 2","Protein Coding","49","GC15P096325","1.31696557998657","https://www.genecards.org/cgi-bin/carddisp.pl?gene=NR2F2"
"IL6R","Interleukin 6 Receptor","Protein Coding","48","GC01P154405","1.31696557998657","https://www.genecards.org/cgi-bin/carddisp.pl?gene=IL6R"
"FOXP3","Forkhead Box P3","Protein Coding","47","GC0XM049250","1.31696557998657","https://www.genecards.org/cgi-bin/carddisp.pl?gene=FOXP3"
"MMP19","Matrix Metallopeptidase 19","Protein Coding","47","GC12M055835","1.31696557998657","https://www.genecards.org/cgi-bin/carddisp.pl?gene=MMP19"
"MYH10","Myosin Heavy Chain 10","Protein Coding","47","GC17M008474","1.31696557998657","https://www.genecards.org/cgi-bin/carddisp.pl?gene=MYH10"
"SPHK1","Sphingosine Kinase 1","Protein Coding","47","GC17P076376","1.31696557998657","https://www.genecards.org/cgi-bin/carddisp.pl?gene=SPHK1"
"TGIF1","TGFB Induced Factor Homeobox 1","Protein Coding","46","GC18P003411","1.31696557998657","https://www.genecards.org/cgi-bin/carddisp.pl?gene=TGIF1"
"CASP14","Caspase 14","Protein Coding","45","GC19P015049","1.31696557998657","https://www.genecards.org/cgi-bin/carddisp.pl?gene=CASP14"
"WNT10A","Wnt Family Member 10A","Protein Coding","45","GC02P218880","1.31696557998657","https://www.genecards.org/cgi-bin/carddisp.pl?gene=WNT10A"
"PEPD","Peptidase D","Protein Coding","45","GC19M033386","1.31696557998657","https://www.genecards.org/cgi-bin/carddisp.pl?gene=PEPD"
"ADAM12","ADAM Metallopeptidase Domain 12","Protein Coding","44","GC10M126012","1.31696557998657","https://www.genecards.org/cgi-bin/carddisp.pl?gene=ADAM12"
"ADIPOQ","Adiponectin, C1Q And Collagen Domain Containing","Protein Coding","44","GC03P186842","1.31696557998657","https://www.genecards.org/cgi-bin/carddisp.pl?gene=ADIPOQ"
"SPHK2","Sphingosine Kinase 2","Protein Coding","44","GC19P048619","1.31696557998657","https://www.genecards.org/cgi-bin/carddisp.pl?gene=SPHK2"
"USP10","Ubiquitin Specific Peptidase 10","Protein Coding","44","GC16P084734","1.31696557998657","https://www.genecards.org/cgi-bin/carddisp.pl?gene=USP10"
"TRAF4","TNF Receptor Associated Factor 4","Protein Coding","43","GC17P030417","1.31696557998657","https://www.genecards.org/cgi-bin/carddisp.pl?gene=TRAF4"
"COL14A1","Collagen Type XIV Alpha 1 Chain","Protein Coding","42","GC08P120073","1.31696557998657","https://www.genecards.org/cgi-bin/carddisp.pl?gene=COL14A1"
"LUM","Lumican","Protein Coding","41","GC12M091102","1.31696557998657","https://www.genecards.org/cgi-bin/carddisp.pl?gene=LUM"
"CXCL8","C-X-C Motif Chemokine Ligand 8","Protein Coding","40","GC04P073740","1.31696557998657","https://www.genecards.org/cgi-bin/carddisp.pl?gene=CXCL8"
"IL37","Interleukin 37","Protein Coding","37","GC02P117299","1.31696557998657","https://www.genecards.org/cgi-bin/carddisp.pl?gene=IL37"
"MIR194-1","MicroRNA 194-1","RNA Gene","16","GC01M220118","1.31696557998657","https://www.genecards.org/cgi-bin/carddisp.pl?gene=MIR194-1"
"LTBP2","Latent Transforming Growth Factor Beta Binding Protein 2","Protein Coding","44","GC14M074498","1.29569053649902","https://www.genecards.org/cgi-bin/carddisp.pl?gene=LTBP2"
"AKR1C3","Aldo-Keto Reductase Family 1 Member C3","Protein Coding","46","GC10P005035","1.29253733158112","https://www.genecards.org/cgi-bin/carddisp.pl?gene=AKR1C3"
"PLAUR","Plasminogen Activator, Urokinase Receptor","Protein Coding","44","GC19M043646","1.29253733158112","https://www.genecards.org/cgi-bin/carddisp.pl?gene=PLAUR"
"CPOX","Coproporphyrinogen Oxidase","Protein Coding","43","GC03M098576","1.29253733158112","https://www.genecards.org/cgi-bin/carddisp.pl?gene=CPOX"
"PTN","Pleiotrophin","Protein Coding","42","GC07M137227","1.29253733158112","https://www.genecards.org/cgi-bin/carddisp.pl?gene=PTN"
"PTGES","Prostaglandin E Synthase","Protein Coding","41","GC09M129738","1.29253733158112","https://www.genecards.org/cgi-bin/carddisp.pl?gene=PTGES"
"CTHRC1","Collagen Triple Helix Repeat Containing 1","Protein Coding","40","GC08P103371","1.29253733158112","https://www.genecards.org/cgi-bin/carddisp.pl?gene=CTHRC1"
"DKK3","Dickkopf WNT Signaling Pathway Inhibitor 3","Protein Coding","40","GC11M011962","1.29253733158112","https://www.genecards.org/cgi-bin/carddisp.pl?gene=DKK3"
"MIR1224","MicroRNA 1224","RNA Gene","19","GC03P184241","1.29253733158112","https://www.genecards.org/cgi-bin/carddisp.pl?gene=MIR1224"
"ERBB2","Erb-B2 Receptor Tyrosine Kinase 2","Protein Coding","53","GC17P039687","1.26652836799622","https://www.genecards.org/cgi-bin/carddisp.pl?gene=ERBB2"
"CASP8","Caspase 8","Protein Coding","52","GC02P201233","1.26652836799622","https://www.genecards.org/cgi-bin/carddisp.pl?gene=CASP8"
"PLAU","Plasminogen Activator, Urokinase","Protein Coding","51","GC10P073909","1.26652836799622","https://www.genecards.org/cgi-bin/carddisp.pl?gene=PLAU"
"NFKBIA","NFKB Inhibitor Alpha","Protein Coding","50","GC14M035401","1.26652836799622","https://www.genecards.org/cgi-bin/carddisp.pl?gene=NFKBIA"
"BAX","BCL2 Associated X, Apoptosis Regulator","Protein Coding","48","GC19P048954","1.26652836799622","https://www.genecards.org/cgi-bin/carddisp.pl?gene=BAX"
"YAP1","Yes1 Associated Transcriptional Regulator","Protein Coding","48","GC11P102110","1.26652836799622","https://www.genecards.org/cgi-bin/carddisp.pl?gene=YAP1"
"COL1A2","Collagen Type I Alpha 2 Chain","Protein Coding","47","GC07P094394","1.26652836799622","https://www.genecards.org/cgi-bin/carddisp.pl?gene=COL1A2"
"NRG1","Neuregulin 1","Protein Coding","46","GC08P031639","1.26652836799622","https://www.genecards.org/cgi-bin/carddisp.pl?gene=NRG1"
"CXCR1","C-X-C Motif Chemokine Receptor 1","Protein Coding","43","GC02M218162","1.26652836799622","https://www.genecards.org/cgi-bin/carddisp.pl?gene=CXCR1"
"FOXF1","Forkhead Box F1","Protein Coding","43","GC16P086510","1.26652836799622","https://www.genecards.org/cgi-bin/carddisp.pl?gene=FOXF1"
"DGKQ","Diacylglycerol Kinase Theta","Protein Coding","42","GC04M000942","1.26652836799622","https://www.genecards.org/cgi-bin/carddisp.pl?gene=DGKQ"
"PHLPP2","PH Domain And Leucine Rich Repeat Protein Phosphatase 2","Protein Coding","41","GC16M071637","1.26652836799622","https://www.genecards.org/cgi-bin/carddisp.pl?gene=PHLPP2"
"CYGB","Cytoglobin","Protein Coding","38","GC17M076527","1.26652836799622","https://www.genecards.org/cgi-bin/carddisp.pl?gene=CYGB"
"FAM215A","Family With Sequence Similarity 215 Member A","RNA Gene","23","GC17P043917","1.26652836799622","https://www.genecards.org/cgi-bin/carddisp.pl?gene=FAM215A"
"MIR181A1","MicroRNA 181a-1","RNA Gene","19","GC01M198860","1.26652836799622","https://www.genecards.org/cgi-bin/carddisp.pl?gene=MIR181A1"
"PAGR1","PAXIP1 Associated Glutamate Rich Protein 1","Protein Coding","33","GC16P033389","1.26629376411438","https://www.genecards.org/cgi-bin/carddisp.pl?gene=PAGR1"
"JAK1","Janus Kinase 1","Protein Coding","53","GC01M064833","1.23858511447906","https://www.genecards.org/cgi-bin/carddisp.pl?gene=JAK1"
"HSPB1","Heat Shock Protein Family B (Small) Member 1","Protein Coding","51","GC07P076302","1.23858511447906","https://www.genecards.org/cgi-bin/carddisp.pl?gene=HSPB1"
"TLR4","Toll Like Receptor 4","Protein Coding","50","GC09P117704","1.23858511447906","https://www.genecards.org/cgi-bin/carddisp.pl?gene=TLR4"
"PIK3CB","Phosphatidylinositol-4,5-Bisphosphate 3-Kinase Catalytic Subunit Beta","Protein Coding","49","GC03M138652","1.23858511447906","https://www.genecards.org/cgi-bin/carddisp.pl?gene=PIK3CB"
"MYD88","MYD88 Innate Immune Signal Transduction Adaptor","Protein Coding","48","GC03P038139","1.23858511447906","https://www.genecards.org/cgi-bin/carddisp.pl?gene=MYD88"
"IRF5","Interferon Regulatory Factor 5","Protein Coding","47","GC07P128937","1.23858511447906","https://www.genecards.org/cgi-bin/carddisp.pl?gene=IRF5"
"IL6ST","Interleukin 6 Cytokine Family Signal Transducer","Protein Coding","47","GC05M055935","1.23858511447906","https://www.genecards.org/cgi-bin/carddisp.pl?gene=IL6ST"
"SOX9","SRY-Box Transcription Factor 9","Protein Coding","47","GC17P072121","1.23858511447906","https://www.genecards.org/cgi-bin/carddisp.pl?gene=SOX9"
"CXCL12","C-X-C Motif Chemokine Ligand 12","Protein Coding","45","GC10M044294","1.23858511447906","https://www.genecards.org/cgi-bin/carddisp.pl?gene=CXCL12"
"RAPGEF3","Rap Guanine Nucleotide Exchange Factor 3","Protein Coding","45","GC12M047736","1.23858511447906","https://www.genecards.org/cgi-bin/carddisp.pl?gene=RAPGEF3"
"THBS1","Thrombospondin 1","Protein Coding","44","GC15P039581","1.23858511447906","https://www.genecards.org/cgi-bin/carddisp.pl?gene=THBS1"
"KLF10","Kruppel Like Factor 10","Protein Coding","43","GC08M102648","1.23858511447906","https://www.genecards.org/cgi-bin/carddisp.pl?gene=KLF10"
"RSPO2","R-Spondin 2","Protein Coding","43","GC08M107899","1.23858511447906","https://www.genecards.org/cgi-bin/carddisp.pl?gene=RSPO2"
"EIF3A","Eukaryotic Translation Initiation Factor 3 Subunit A","Protein Coding","42","GC10M119034","1.23858511447906","https://www.genecards.org/cgi-bin/carddisp.pl?gene=EIF3A"
"HDGF","Heparin Binding Growth Factor","Protein Coding","40","GC01M156800","1.23858511447906","https://www.genecards.org/cgi-bin/carddisp.pl?gene=HDGF"
"ZNF217","Zinc Finger Protein 217","Protein Coding","38","GC20M053567","1.23858511447906","https://www.genecards.org/cgi-bin/carddisp.pl?gene=ZNF217"
"MIR196A2","MicroRNA 196a-2","RNA Gene","22","GC12P054542","1.23858511447906","https://www.genecards.org/cgi-bin/carddisp.pl?gene=MIR196A2"
"MIR200C","MicroRNA 200c","RNA Gene","22","GC12P013192","1.23858511447906","https://www.genecards.org/cgi-bin/carddisp.pl?gene=MIR200C"
"MIR196A1","MicroRNA 196a-1","RNA Gene","20","GC17M048632","1.23858511447906","https://www.genecards.org/cgi-bin/carddisp.pl?gene=MIR196A1"
"MIR133A2","MicroRNA 133a-2","RNA Gene","19","GC20P063037","1.23858511447906","https://www.genecards.org/cgi-bin/carddisp.pl?gene=MIR133A2"
"MIR133A1","MicroRNA 133a-1","RNA Gene","18","GC18M021826","1.23858511447906","https://www.genecards.org/cgi-bin/carddisp.pl?gene=MIR133A1"
"MIR637","MicroRNA 637","RNA Gene","17","GC19M003961","1.23858511447906","https://www.genecards.org/cgi-bin/carddisp.pl?gene=MIR637"
"G6PD","Glucose-6-Phosphate Dehydrogenase","Protein Coding","50","GC0XM154531","1.20819854736328","https://www.genecards.org/cgi-bin/carddisp.pl?gene=G6PD"
"ZEB2","Zinc Finger E-Box Binding Homeobox 2","Protein Coding","48","GC02M144384","1.20819854736328","https://www.genecards.org/cgi-bin/carddisp.pl?gene=ZEB2"
"ADRA1B","Adrenoceptor Alpha 1B","Protein Coding","47","GC05P159867","1.20819854736328","https://www.genecards.org/cgi-bin/carddisp.pl?gene=ADRA1B"
"ADRA1A","Adrenoceptor Alpha 1A","Protein Coding","47","GC08M026747","1.20819854736328","https://www.genecards.org/cgi-bin/carddisp.pl?gene=ADRA1A"
"ATF2","Activating Transcription Factor 2","Protein Coding","46","GC02M175072","1.20819854736328","https://www.genecards.org/cgi-bin/carddisp.pl?gene=ATF2"
"ADRA1D","Adrenoceptor Alpha 1D","Protein Coding","46","GC20M004220","1.20819854736328","https://www.genecards.org/cgi-bin/carddisp.pl?gene=ADRA1D"
"APOL1","Apolipoprotein L1","Protein Coding","44","GC22P036253","1.20819854736328","https://www.genecards.org/cgi-bin/carddisp.pl?gene=APOL1"
"H6PD","Hexose-6-Phosphate Dehydrogenase/Glucose 1-Dehydrogenase","Protein Coding","42","GC01P009234","1.20819854736328","https://www.genecards.org/cgi-bin/carddisp.pl?gene=H6PD"
"LTA","Lymphotoxin Alpha","Protein Coding","41","GC06P058305","1.20819854736328","https://www.genecards.org/cgi-bin/carddisp.pl?gene=LTA"
"TM4SF1","Transmembrane 4 L Six Family Member 1","Protein Coding","36","GC03M149370","1.20819854736328","https://www.genecards.org/cgi-bin/carddisp.pl?gene=TM4SF1"
"TMEM88","Transmembrane Protein 88","Protein Coding","31","GC17P007854","1.20819854736328","https://www.genecards.org/cgi-bin/carddisp.pl?gene=TMEM88"
"MIR214","MicroRNA 214","RNA Gene","21","GC01M172234","1.20819854736328","https://www.genecards.org/cgi-bin/carddisp.pl?gene=MIR214"
"MIR1587","MicroRNA 1587","RNA Gene","9","GC0XP039837","1.20819854736328","https://www.genecards.org/cgi-bin/carddisp.pl?gene=MIR1587"
"MIR2392","MicroRNA 2392","RNA Gene","9","GC14P106799","1.20819854736328","https://www.genecards.org/cgi-bin/carddisp.pl?gene=MIR2392"
"FGFR1","Fibroblast Growth Factor Receptor 1","Protein Coding","54","GC08M038400","1.17458772659302","https://www.genecards.org/cgi-bin/carddisp.pl?gene=FGFR1"
"CAV1","Caveolin 1","Protein Coding","48","GC07P116524","1.17458772659302","https://www.genecards.org/cgi-bin/carddisp.pl?gene=CAV1"
"MC1R","Melanocortin 1 Receptor","Protein Coding","48","GC16P089912","1.17458772659302","https://www.genecards.org/cgi-bin/carddisp.pl?gene=MC1R"
"IRF3","Interferon Regulatory Factor 3","Protein Coding","46","GC19M049659","1.17458772659302","https://www.genecards.org/cgi-bin/carddisp.pl?gene=IRF3"
"ITGA2","Integrin Subunit Alpha 2","Protein Coding","45","GC05P052989","1.17458772659302","https://www.genecards.org/cgi-bin/carddisp.pl?gene=ITGA2"
"LGALS3","Galectin 3","Protein Coding","44","GC14P055124","1.17458772659302","https://www.genecards.org/cgi-bin/carddisp.pl?gene=LGALS3"
"LGALS1","Galectin 1","Protein Coding","43","GC22P037675","1.17458772659302","https://www.genecards.org/cgi-bin/carddisp.pl?gene=LGALS1"
"IGFBP2","Insulin Like Growth Factor Binding Protein 2","Protein Coding","43","GC02P216632","1.17458772659302","https://www.genecards.org/cgi-bin/carddisp.pl?gene=IGFBP2"
"PDGFA","Platelet Derived Growth Factor Subunit A","Protein Coding","43","GC07M000497","1.17458772659302","https://www.genecards.org/cgi-bin/carddisp.pl?gene=PDGFA"
"S100A4","S100 Calcium Binding Protein A4","Protein Coding","43","GC01M153543","1.17458772659302","https://www.genecards.org/cgi-bin/carddisp.pl?gene=S100A4"
"SERPINB2","Serpin Family B Member 2","Protein Coding","43","GC18P063871","1.17458772659302","https://www.genecards.org/cgi-bin/carddisp.pl?gene=SERPINB2"
"IGFBP4","Insulin Like Growth Factor Binding Protein 4","Protein Coding","42","GC17P040443","1.17458772659302","https://www.genecards.org/cgi-bin/carddisp.pl?gene=IGFBP4"
"IGFBP5","Insulin Like Growth Factor Binding Protein 5","Protein Coding","42","GC02M216672","1.17458772659302","https://www.genecards.org/cgi-bin/carddisp.pl?gene=IGFBP5"
"FOSB","FosB Proto-Oncogene, AP-1 Transcription Factor Subunit","Protein Coding","41","GC19P045467","1.17458772659302","https://www.genecards.org/cgi-bin/carddisp.pl?gene=FOSB"
"DPT","Dermatopontin","Protein Coding","37","GC01M168696","1.17458772659302","https://www.genecards.org/cgi-bin/carddisp.pl?gene=DPT"
"ACKR1","Atypical Chemokine Receptor 1 (Duffy Blood Group)","Protein Coding","36","GC01P159203","1.17458772659302","https://www.genecards.org/cgi-bin/carddisp.pl?gene=ACKR1"
"P4HTM","Prolyl 4-Hydroxylase, Transmembrane","Protein Coding","36","GC03P049317","1.17458772659302","https://www.genecards.org/cgi-bin/carddisp.pl?gene=P4HTM"
"ASPN","Asporin","Protein Coding","39","GC09M092458","1.1633083820343","https://www.genecards.org/cgi-bin/carddisp.pl?gene=ASPN"
"IGF1","Insulin Like Growth Factor 1","Protein Coding","49","GC12M102395","1.13643777370453","https://www.genecards.org/cgi-bin/carddisp.pl?gene=IGF1"
"WNT3A","Wnt Family Member 3A","Protein Coding","47","GC01P228554","1.13643777370453","https://www.genecards.org/cgi-bin/carddisp.pl?gene=WNT3A"
"HABP2","Hyaluronan Binding Protein 2","Protein Coding","45","GC10P113550","1.13643777370453","https://www.genecards.org/cgi-bin/carddisp.pl?gene=HABP2"
"SPP1","Secreted Phosphoprotein 1","Protein Coding","45","GC04P087975","1.13643777370453","https://www.genecards.org/cgi-bin/carddisp.pl?gene=SPP1"
"MT2A","Metallothionein 2A","Protein Coding","43","GC16P056786","1.13643777370453","https://www.genecards.org/cgi-bin/carddisp.pl?gene=MT2A"
"MT1X","Metallothionein 1X","Protein Coding","39","GC16P056781","1.13643777370453","https://www.genecards.org/cgi-bin/carddisp.pl?gene=MT1X"
"MT1A","Metallothionein 1A","Protein Coding","38","GC16P056638","1.13643777370453","https://www.genecards.org/cgi-bin/carddisp.pl?gene=MT1A"
"MT1F","Metallothionein 1F","Protein Coding","37","GC16P056657","1.13643777370453","https://www.genecards.org/cgi-bin/carddisp.pl?gene=MT1F"
"MT1G","Metallothionein 1G","Protein Coding","35","GC16M056666","1.13643777370453","https://www.genecards.org/cgi-bin/carddisp.pl?gene=MT1G"
"SKOR1","SKI Family Transcriptional Corepressor 1","Protein Coding","33","GC15P067819","1.13643777370453","https://www.genecards.org/cgi-bin/carddisp.pl?gene=SKOR1"
"ADAM3A","ADAM Metallopeptidase Domain 3A (Pseudogene)","Pseudogene","15","GC08M039427","1.13643777370453","https://www.genecards.org/cgi-bin/carddisp.pl?gene=ADAM3A"
"KRT14","Keratin 14","Protein Coding","47","GC17M041582","1.13265371322632","https://www.genecards.org/cgi-bin/carddisp.pl?gene=KRT14"
"NFKB1","Nuclear Factor Kappa B Subunit 1","Protein Coding","52","GC04P102501","1.09118485450745","https://www.genecards.org/cgi-bin/carddisp.pl?gene=NFKB1"
"MIF","Macrophage Migration Inhibitory Factor","Protein Coding","49","GC22P023894","1.09118485450745","https://www.genecards.org/cgi-bin/carddisp.pl?gene=MIF"
"SDHA","Succinate Dehydrogenase Complex Flavoprotein Subunit A","Protein Coding","48","GC05P000208","1.09118485450745","https://www.genecards.org/cgi-bin/carddisp.pl?gene=SDHA"
"FGF1","Fibroblast Growth Factor 1","Protein Coding","47","GC05M142555","1.09118485450745","https://www.genecards.org/cgi-bin/carddisp.pl?gene=FGF1"
"AGER","Advanced Glycosylation End-Product Specific Receptor","Protein Coding","44","GC06M032180","1.09118485450745","https://www.genecards.org/cgi-bin/carddisp.pl?gene=AGER"
"HLA-DRB5","Major Histocompatibility Complex, Class II, DR Beta 5","Protein Coding","40","GC06M049163","1.09118485450745","https://www.genecards.org/cgi-bin/carddisp.pl?gene=HLA-DRB5"
"NLRC5","NLR Family CARD Domain Containing 5","Protein Coding","39","GC16P056990","1.09118485450745","https://www.genecards.org/cgi-bin/carddisp.pl?gene=NLRC5"
"RPL32","Ribosomal Protein L32","Protein Coding","39","GC03M012834","1.09118485450745","https://www.genecards.org/cgi-bin/carddisp.pl?gene=RPL32"
"LOX","Lysyl Oxidase","Protein Coding","45","GC05M122063","1.04925084114075","https://www.genecards.org/cgi-bin/carddisp.pl?gene=LOX"
"GAPDH","Glyceraldehyde-3-Phosphate Dehydrogenase","Protein Coding","47","GC12P013162","1.03221011161804","https://www.genecards.org/cgi-bin/carddisp.pl?gene=GAPDH"
"THY1","Thy-1 Cell Surface Antigen","Protein Coding","42","GC11M119417","1.03221011161804","https://www.genecards.org/cgi-bin/carddisp.pl?gene=THY1"
"MIR188","MicroRNA 188","RNA Gene","16","GC0XP050003","1.03221011161804","https://www.genecards.org/cgi-bin/carddisp.pl?gene=MIR188"
"CDKN2A","Cyclin Dependent Kinase Inhibitor 2A","Protein Coding","51","GC09M021967","1.02912974357605","https://www.genecards.org/cgi-bin/carddisp.pl?gene=CDKN2A"
"PRKN","Parkin RBR E3 Ubiquitin Protein Ligase","Protein Coding","39","GC06M161348","0.915830552577972","https://www.genecards.org/cgi-bin/carddisp.pl?gene=PRKN"
"COPB2","COPI Coat Complex Subunit Beta 2","Protein Coding","45","GC03M139355","0.89324676990509","https://www.genecards.org/cgi-bin/carddisp.pl?gene=COPB2"
"HYAL2","Hyaluronidase 2","Protein Coding","43","GC03M050317","0.89324676990509","https://www.genecards.org/cgi-bin/carddisp.pl?gene=HYAL2"
"MRPS22","Mitochondrial Ribosomal Protein S22","Protein Coding","41","GC03P139005","0.89324676990509","https://www.genecards.org/cgi-bin/carddisp.pl?gene=MRPS22"
"TNNI1","Troponin I1, Slow Skeletal Type","Protein Coding","40","GC01M201404","0.89324676990509","https://www.genecards.org/cgi-bin/carddisp.pl?gene=TNNI1"
"HYAL3","Hyaluronidase 3","Protein Coding","38","GC03M050294","0.89324676990509","https://www.genecards.org/cgi-bin/carddisp.pl?gene=HYAL3"
"PHLDA3","Pleckstrin Homology Like Domain Family A Member 3","Protein Coding","36","GC01M201467","0.89324676990509","https://www.genecards.org/cgi-bin/carddisp.pl?gene=PHLDA3"
"HHIPL2","HHIP Like 2","Protein Coding","35","GC01M223163","0.89324676990509","https://www.genecards.org/cgi-bin/carddisp.pl?gene=HHIPL2"
"ARMC8","Armadillo Repeat Containing 8","Protein Coding","33","GC03P138187","0.89324676990509","https://www.genecards.org/cgi-bin/carddisp.pl?gene=ARMC8"
"PRR23B","Proline Rich 23B","Protein Coding","26","GC03M139019","0.89324676990509","https://www.genecards.org/cgi-bin/carddisp.pl?gene=PRR23B"
"FOXL2NB","FOXL2 Neighbor","Protein Coding","24","GC03P138947","0.89324676990509","https://www.genecards.org/cgi-bin/carddisp.pl?gene=FOXL2NB"
"PRR23C","Proline Rich 23C","Protein Coding","23","GC03M139042","0.89324676990509","https://www.genecards.org/cgi-bin/carddisp.pl?gene=PRR23C"
"PRR23A","Proline Rich 23A","Protein Coding","21","GC03M139003","0.89324676990509","https://www.genecards.org/cgi-bin/carddisp.pl?gene=PRR23A"
"BPESC1","Blepharophimosis, Epicanthus Inversus And Ptosis Candidate 1","RNA Gene","20","GC03P139104","0.89324676990509","https://www.genecards.org/cgi-bin/carddisp.pl?gene=BPESC1"
"LINC01705","Long Intergenic Non-Protein Coding RNA 1705","RNA Gene","8","GC01M222042","0.89324676990509","https://www.genecards.org/cgi-bin/carddisp.pl?gene=LINC01705"
"RNU6-403P","RNA, U6 Small Nuclear 403, Pseudogene","Pseudogene","7","GC01M221837","0.89324676990509","https://www.genecards.org/cgi-bin/carddisp.pl?gene=RNU6-403P"
"ENSG00000224818","Novel Transcript","RNA Gene","7","GC01M201464","0.89324676990509","https://www.genecards.org/cgi-bin/carddisp.pl?gene=ENSG00000224818"
"ENSG00000236230","Novel Transcript","RNA Gene","7","GC01M222089","0.89324676990509","https://www.genecards.org/cgi-bin/carddisp.pl?gene=ENSG00000236230"
"lnc-TUSC2-1","","RNA Gene","5","GC03M050318","0.89324676990509","https://www.genecards.org/cgi-bin/carddisp.pl?gene=lnc-TUSC2-1"
"lnc-CSRP1-2","","RNA Gene","4","GC01M201465","0.89324676990509","https://www.genecards.org/cgi-bin/carddisp.pl?gene=lnc-CSRP1-2"
"HSALNG0009652","","RNA Gene","4","GC01P201464","0.89324676990509","https://www.genecards.org/cgi-bin/carddisp.pl?gene=HSALNG0009652"
"HSALNG0009654","","RNA Gene","4","GC01P201469","0.89324676990509","https://www.genecards.org/cgi-bin/carddisp.pl?gene=HSALNG0009654"
"AB372598-001","","RNA Gene","3","GC01M201469","0.89324676990509","https://www.genecards.org/cgi-bin/carddisp.pl?gene=AB372598-001"
"HSALNG0010830-001","","RNA Gene","3","GC01P222050","0.89324676990509","https://www.genecards.org/cgi-bin/carddisp.pl?gene=HSALNG0010830-001"
"HSALNG0010830-002","","RNA Gene","3","GC01P222052","0.89324676990509","https://www.genecards.org/cgi-bin/carddisp.pl?gene=HSALNG0010830-002"
"piR-36393-365","","RNA Gene","2","GC03P050313","0.89324676990509","https://www.genecards.org/cgi-bin/carddisp.pl?gene=piR-36393-365"
"piR-44198-015","","RNA Gene","2","GC03M139148","0.89324676990509","https://www.genecards.org/cgi-bin/carddisp.pl?gene=piR-44198-015"
"piR-50308-462","","RNA Gene","2","GC03M050439","0.89324676990509","https://www.genecards.org/cgi-bin/carddisp.pl?gene=piR-50308-462"
"HSALNG0010833","","RNA Gene","2","GC01P222086","0.89324676990509","https://www.genecards.org/cgi-bin/carddisp.pl?gene=HSALNG0010833"
"RF00994-094","","RNA Gene","2","GC01M222133","0.89324676990509","https://www.genecards.org/cgi-bin/carddisp.pl?gene=RF00994-094"
"TLR8","Toll Like Receptor 8","Protein Coding","47","GC0XP012924","0.889832377433777","https://www.genecards.org/cgi-bin/carddisp.pl?gene=TLR8"
"TLR7","Toll Like Receptor 7","Protein Coding","47","GC0XP012867","0.889832377433777","https://www.genecards.org/cgi-bin/carddisp.pl?gene=TLR7"
"COL6A2","Collagen Type VI Alpha 2 Chain","Protein Coding","44","GC21P046098","0.889832377433777","https://www.genecards.org/cgi-bin/carddisp.pl?gene=COL6A2"
"TLR6","Toll Like Receptor 6","Protein Coding","43","GC04M038828","0.889832377433777","https://www.genecards.org/cgi-bin/carddisp.pl?gene=TLR6"
"TGFB1I1","Transforming Growth Factor Beta 1 Induced Transcript 1","Protein Coding","42","GC16P033548","0.889832377433777","https://www.genecards.org/cgi-bin/carddisp.pl?gene=TGFB1I1"
"TNFSF12","TNF Superfamily Member 12","Protein Coding","40","GC17P009335","0.889832377433777","https://www.genecards.org/cgi-bin/carddisp.pl?gene=TNFSF12"
"KIT","KIT Proto-Oncogene, Receptor Tyrosine Kinase","Protein Coding","52","GC04P054657","0.853141188621521","https://www.genecards.org/cgi-bin/carddisp.pl?gene=KIT"
"MKI67","Marker Of Proliferation Ki-67","Protein Coding","44","GC10M128096","0.853141188621521","https://www.genecards.org/cgi-bin/carddisp.pl?gene=MKI67"
"GALK1","Galactokinase 1","Protein Coding","47","GC17M075751","0.785638511180878","https://www.genecards.org/cgi-bin/carddisp.pl?gene=GALK1"
"H2AC18","H2A Clustered Histone 18","Protein Coding","27","GC01M150202","0.785638511180878","https://www.genecards.org/cgi-bin/carddisp.pl?gene=H2AC18"
"CDKN1B","Cyclin Dependent Kinase Inhibitor 1B","Protein Coding","47","GC12P013453","0.762223601341248","https://www.genecards.org/cgi-bin/carddisp.pl?gene=CDKN1B"
"SKP2","S-Phase Kinase Associated Protein 2","Protein Coding","44","GC05P036151","0.762223601341248","https://www.genecards.org/cgi-bin/carddisp.pl?gene=SKP2"
"TAB2","TGF-Beta Activated Kinase 1 (MAP3K7) Binding Protein 2","Protein Coding","47","GC06P149218","0.756882786750793","https://www.genecards.org/cgi-bin/carddisp.pl?gene=TAB2"
"IL13","Interleukin 13","Protein Coding","44","GC05P132656","0.739842057228088","https://www.genecards.org/cgi-bin/carddisp.pl?gene=IL13"
"CDH2","Cadherin 2","Protein Coding","52","GC18M027950","0.710763514041901","https://www.genecards.org/cgi-bin/carddisp.pl?gene=CDH2"
"CTNNA1","Catenin Alpha 1","Protein Coding","48","GC05P138613","0.710763514041901","https://www.genecards.org/cgi-bin/carddisp.pl?gene=CTNNA1"
"RB1","RB Transcriptional Corepressor 1","Protein Coding","48","GC13P048303","0.710763514041901","https://www.genecards.org/cgi-bin/carddisp.pl?gene=RB1"
"MCM5","Minichromosome Maintenance Complex Component 5","Protein Coding","45","GC22P035400","0.710763514041901","https://www.genecards.org/cgi-bin/carddisp.pl?gene=MCM5"
"MUTYH","MutY DNA Glycosylase","Protein Coding","44","GC01M045329","0.710763514041901","https://www.genecards.org/cgi-bin/carddisp.pl?gene=MUTYH"
"AFAP1","Actin Filament Associated Protein 1","Protein Coding","38","GC04M007758","0.710763514041901","https://www.genecards.org/cgi-bin/carddisp.pl?gene=AFAP1"
"FOLH1","Folate Hydrolase 1","Protein Coding","47","GC11M071265","0.698226273059845","https://www.genecards.org/cgi-bin/carddisp.pl?gene=FOLH1"
"BMX","BMX Non-Receptor Tyrosine Kinase","Protein Coding","45","GC0XP015392","0.698226273059845","https://www.genecards.org/cgi-bin/carddisp.pl?gene=BMX"
"S100A7","S100 Calcium Binding Protein A7","Protein Coding","41","GC01M153457","0.669064044952393","https://www.genecards.org/cgi-bin/carddisp.pl?gene=S100A7"
"S100A14","S100 Calcium Binding Protein A14","Protein Coding","37","GC01M153614","0.669064044952393","https://www.genecards.org/cgi-bin/carddisp.pl?gene=S100A14"
"CTSK","Cathepsin K","Protein Coding","49","GC01M150876","0.614823341369629","https://www.genecards.org/cgi-bin/carddisp.pl?gene=CTSK"
"EDN1","Endothelin 1","Protein Coding","47","GC06P012256","0.610734283924103","https://www.genecards.org/cgi-bin/carddisp.pl?gene=EDN1"
"TPSAB1","Tryptase Alpha/Beta 1","Protein Coding","43","GC16P001240","0.610734283924103","https://www.genecards.org/cgi-bin/carddisp.pl?gene=TPSAB1"
"DNM3","Dynamin 3","Protein Coding","44","GC01P171841","0.597464323043823","https://www.genecards.org/cgi-bin/carddisp.pl?gene=DNM3"
"KRT5","Keratin 5","Protein Coding","47","GC12M052514","0.577123463153839","https://www.genecards.org/cgi-bin/carddisp.pl?gene=KRT5"
"F13A1","Coagulation Factor XIII A Chain","Protein Coding","46","GC06M006144","0.577123463153839","https://www.genecards.org/cgi-bin/carddisp.pl?gene=F13A1"
"PIK3CA","Phosphatidylinositol-4,5-Bisphosphate 3-Kinase Catalytic Subunit Alpha","Protein Coding","53","GC03P179148","0.555848598480225","https://www.genecards.org/cgi-bin/carddisp.pl?gene=PIK3CA"
"RPS6KA3","Ribosomal Protein S6 Kinase A3","Protein Coding","52","GC0XM020149","0.555530309677124","https://www.genecards.org/cgi-bin/carddisp.pl?gene=RPS6KA3"
"HDAC4","Histone Deacetylase 4","Protein Coding","51","GC02M239048","0.555530309677124","https://www.genecards.org/cgi-bin/carddisp.pl?gene=HDAC4"
"NOTCH1","Notch Receptor 1","Protein Coding","51","GC09M136832","0.555530309677124","https://www.genecards.org/cgi-bin/carddisp.pl?gene=NOTCH1"
"DBH","Dopamine Beta-Hydroxylase","Protein Coding","50","GC09P133636","0.555530309677124","https://www.genecards.org/cgi-bin/carddisp.pl?gene=DBH"
"INPPL1","Inositol Polyphosphate Phosphatase Like 1","Protein Coding","50","GC11P072223","0.555530309677124","https://www.genecards.org/cgi-bin/carddisp.pl?gene=INPPL1"
"SMARCA2","SWI/SNF Related, Matrix Associated, Actin Dependent Regulator Of Chromatin, Subfamily A, Member 2","Protein Coding","50","GC09P001980","0.555530309677124","https://www.genecards.org/cgi-bin/carddisp.pl?gene=SMARCA2"
"CREB1","CAMP Responsive Element Binding Protein 1","Protein Coding","49","GC02P207529","0.555530309677124","https://www.genecards.org/cgi-bin/carddisp.pl?gene=CREB1"
"HDAC1","Histone Deacetylase 1","Protein Coding","49","GC01P032292","0.555530309677124","https://www.genecards.org/cgi-bin/carddisp.pl?gene=HDAC1"
"SMARCA4","SWI/SNF Related, Matrix Associated, Actin Dependent Regulator Of Chromatin, Subfamily A, Member 4","Protein Coding","49","GC19P010932","0.555530309677124","https://www.genecards.org/cgi-bin/carddisp.pl?gene=SMARCA4"
"ATP7B","ATPase Copper Transporting Beta","Protein Coding","48","GC13M051930","0.555530309677124","https://www.genecards.org/cgi-bin/carddisp.pl?gene=ATP7B"
"AVPR2","Arginine Vasopressin Receptor 2","Protein Coding","48","GC0XP153902","0.555530309677124","https://www.genecards.org/cgi-bin/carddisp.pl?gene=AVPR2"
"CP","Ceruloplasmin","Protein Coding","48","GC03M149162","0.555530309677124","https://www.genecards.org/cgi-bin/carddisp.pl?gene=CP"
"NR3C2","Nuclear Receptor Subfamily 3 Group C Member 2","Protein Coding","48","GC04M148078","0.555530309677124","https://www.genecards.org/cgi-bin/carddisp.pl?gene=NR3C2"
"KAT2B","Lysine Acetyltransferase 2B","Protein Coding","48","GC03P020043","0.555530309677124","https://www.genecards.org/cgi-bin/carddisp.pl?gene=KAT2B"
"PIKFYVE","Phosphoinositide Kinase, FYVE-Type Zinc Finger Containing","Protein Coding","48","GC02P208266","0.555530309677124","https://www.genecards.org/cgi-bin/carddisp.pl?gene=PIKFYVE"
"HDAC8","Histone Deacetylase 8","Protein Coding","47","GC0XM072329","0.555530309677124","https://www.genecards.org/cgi-bin/carddisp.pl?gene=HDAC8"
"KAT2A","Lysine Acetyltransferase 2A","Protein Coding","47","GC17M042113","0.555530309677124","https://www.genecards.org/cgi-bin/carddisp.pl?gene=KAT2A"
"KAT5","Lysine Acetyltransferase 5","Protein Coding","47","GC11P065711","0.555530309677124","https://www.genecards.org/cgi-bin/carddisp.pl?gene=KAT5"
"KDM6A","Lysine Demethylase 6A","Protein Coding","47","GC0XP044873","0.555530309677124","https://www.genecards.org/cgi-bin/carddisp.pl?gene=KDM6A"
"MTR","5-Methyltetrahydrofolate-Homocysteine Methyltransferase","Protein Coding","47","GC01P236795","0.555530309677124","https://www.genecards.org/cgi-bin/carddisp.pl?gene=MTR"
"LRP2","LDL Receptor Related Protein 2","Protein Coding","47","GC02M169127","0.555530309677124","https://www.genecards.org/cgi-bin/carddisp.pl?gene=LRP2"
"RAB11A","RAB11A, Member RAS Oncogene Family","Protein Coding","47","GC15P078986","0.555530309677124","https://www.genecards.org/cgi-bin/carddisp.pl?gene=RAB11A"
"PYCR1","Pyrroline-5-Carboxylate Reductase 1","Protein Coding","47","GC17M081932","0.555530309677124","https://www.genecards.org/cgi-bin/carddisp.pl?gene=PYCR1"
"FLNB","Filamin B","Protein Coding","46","GC03P058008","0.555530309677124","https://www.genecards.org/cgi-bin/carddisp.pl?gene=FLNB"
"MYBPC3","Myosin Binding Protein C3","Protein Coding","46","GC11M071234","0.555530309677124","https://www.genecards.org/cgi-bin/carddisp.pl?gene=MYBPC3"
"NPR1","Natriuretic Peptide Receptor 1","Protein Coding","46","GC01P153735","0.555530309677124","https://www.genecards.org/cgi-bin/carddisp.pl?gene=NPR1"
"ALDH18A1","Aldehyde Dehydrogenase 18 Family Member A1","Protein Coding","45","GC10M095605","0.555530309677124","https://www.genecards.org/cgi-bin/carddisp.pl?gene=ALDH18A1"
"APPL1","Adaptor Protein, Phosphotyrosine Interacting With PH Domain And Leucine Zipper 1","Protein Coding","45","GC03P057227","0.555530309677124","https://www.genecards.org/cgi-bin/carddisp.pl?gene=APPL1"
"ADCY9","Adenylate Cyclase 9","Protein Coding","45","GC16M003953","0.555530309677124","https://www.genecards.org/cgi-bin/carddisp.pl?gene=ADCY9"
"FLNC","Filamin C","Protein Coding","45","GC07P128830","0.555530309677124","https://www.genecards.org/cgi-bin/carddisp.pl?gene=FLNC"
"EHMT1","Euchromatic Histone Lysine Methyltransferase 1","Protein Coding","45","GC09P137618","0.555530309677124","https://www.genecards.org/cgi-bin/carddisp.pl?gene=EHMT1"
"MECP2","Methyl-CpG Binding Protein 2","Protein Coding","45","GC0XM154021","0.555530309677124","https://www.genecards.org/cgi-bin/carddisp.pl?gene=MECP2"
"PDE4A","Phosphodiesterase 4A","Protein Coding","45","GC19P010416","0.555530309677124","https://www.genecards.org/cgi-bin/carddisp.pl?gene=PDE4A"
"PI4KB","Phosphatidylinositol 4-Kinase Beta","Protein Coding","45","GC01M151291","0.555530309677124","https://www.genecards.org/cgi-bin/carddisp.pl?gene=PI4KB"
"PAPSS2","3'-Phosphoadenosine 5'-Phosphosulfate Synthase 2","Protein Coding","45","GC10P087659","0.555530309677124","https://www.genecards.org/cgi-bin/carddisp.pl?gene=PAPSS2"
"STT3A","STT3 Oligosaccharyltransferase Complex Catalytic Subunit A","Protein Coding","45","GC11P125592","0.555530309677124","https://www.genecards.org/cgi-bin/carddisp.pl?gene=STT3A"
"SYNJ1","Synaptojanin 1","Protein Coding","45","GC21M032628","0.555530309677124","https://www.genecards.org/cgi-bin/carddisp.pl?gene=SYNJ1"
"RAB5A","RAB5A, Member RAS Oncogene Family","Protein Coding","45","GC03P019963","0.555530309677124","https://www.genecards.org/cgi-bin/carddisp.pl?gene=RAB5A"
"ATP6V0A2","ATPase H+ Transporting V0 Subunit A2","Protein Coding","44","GC12P123712","0.555530309677124","https://www.genecards.org/cgi-bin/carddisp.pl?gene=ATP6V0A2"
"ACD","ACD Shelterin Complex Subunit And Telomerase Recruitment Factor","Protein Coding","44","GC16M067658","0.555530309677124","https://www.genecards.org/cgi-bin/carddisp.pl?gene=ACD"
"ARHGAP1","Rho GTPase Activating Protein 1","Protein Coding","44","GC11M071218","0.555530309677124","https://www.genecards.org/cgi-bin/carddisp.pl?gene=ARHGAP1"
"CRYAA","Crystallin Alpha A","Protein Coding","44","GC21P043169","0.555530309677124","https://www.genecards.org/cgi-bin/carddisp.pl?gene=CRYAA"
"LAMA4","Laminin Subunit Alpha 4","Protein Coding","44","GC06M112107","0.555530309677124","https://www.genecards.org/cgi-bin/carddisp.pl?gene=LAMA4"
"KDM5C","Lysine Demethylase 5C","Protein Coding","44","GC0XM053176","0.555530309677124","https://www.genecards.org/cgi-bin/carddisp.pl?gene=KDM5C"
"CLCN5","Chloride Voltage-Gated Channel 5","Protein Coding","43","GC0XP049922","0.555530309677124","https://www.genecards.org/cgi-bin/carddisp.pl?gene=CLCN5"
"FMO1","Flavin Containing Dimethylaniline Monoxygenase 1","Protein Coding","43","GC01P171248","0.555530309677124","https://www.genecards.org/cgi-bin/carddisp.pl?gene=FMO1"
"FOXG1","Forkhead Box G1","Protein Coding","43","GC14P028766","0.555530309677124","https://www.genecards.org/cgi-bin/carddisp.pl?gene=FOXG1"
"KAT6A","Lysine Acetyltransferase 6A","Protein Coding","43","GC08M041929","0.555530309677124","https://www.genecards.org/cgi-bin/carddisp.pl?gene=KAT6A"
"INPP5A","Inositol Polyphosphate-5-Phosphatase A","Protein Coding","43","GC10P132537","0.555530309677124","https://www.genecards.org/cgi-bin/carddisp.pl?gene=INPP5A"
"EFEMP2","EGF Containing Fibulin Extracellular Matrix Protein 2","Protein Coding","43","GC11M071732","0.555530309677124","https://www.genecards.org/cgi-bin/carddisp.pl?gene=EFEMP2"
"HEY1","Hes Related Family BHLH Transcription Factor With YRPW Motif 1","Protein Coding","43","GC08M079764","0.555530309677124","https://www.genecards.org/cgi-bin/carddisp.pl?gene=HEY1"
"KAT6B","Lysine Acetyltransferase 6B","Protein Coding","43","GC10P074843","0.555530309677124","https://www.genecards.org/cgi-bin/carddisp.pl?gene=KAT6B"
"POLR1C","RNA Polymerase I And III Subunit C","Protein Coding","43","GC06P058522","0.555530309677124","https://www.genecards.org/cgi-bin/carddisp.pl?gene=POLR1C"
"PAM","Peptidylglycine Alpha-Amidating Monooxygenase","Protein Coding","43","GC05P102753","0.555530309677124","https://www.genecards.org/cgi-bin/carddisp.pl?gene=PAM"
"PAPSS1","3'-Phosphoadenosine 5'-Phosphosulfate Synthase 1","Protein Coding","43","GC04M107590","0.555530309677124","https://www.genecards.org/cgi-bin/carddisp.pl?gene=PAPSS1"
"MADD","MAP Kinase Activating Death Domain","Protein Coding","43","GC11P047290","0.555530309677124","https://www.genecards.org/cgi-bin/carddisp.pl?gene=MADD"
"TAB1","TGF-Beta Activated Kinase 1 (MAP3K7) Binding Protein 1","Protein Coding","43","GC22P039413","0.555530309677124","https://www.genecards.org/cgi-bin/carddisp.pl?gene=TAB1"
"RBCK1","RANBP2-Type And C3HC4-Type Zinc Finger Containing 1","Protein Coding","43","GC20P000407","0.555530309677124","https://www.genecards.org/cgi-bin/carddisp.pl?gene=RBCK1"
"RPS2","Ribosomal Protein S2","Protein Coding","43","GC16M003819","0.555530309677124","https://www.genecards.org/cgi-bin/carddisp.pl?gene=RPS2"
"DST","Dystonin","Protein Coding","42","GC06M056457","0.555530309677124","https://www.genecards.org/cgi-bin/carddisp.pl?gene=DST"
"INPP5B","Inositol Polyphosphate-5-Phosphatase B","Protein Coding","42","GC01M037860","0.555530309677124","https://www.genecards.org/cgi-bin/carddisp.pl?gene=INPP5B"
"FERMT1","FERM Domain Containing Kindlin 1","Protein Coding","42","GC20M006074","0.555530309677124","https://www.genecards.org/cgi-bin/carddisp.pl?gene=FERMT1"
"PLEC","Plectin","Protein Coding","42","GC08M143951","0.555530309677124","https://www.genecards.org/cgi-bin/carddisp.pl?gene=PLEC"
"RIN2","Ras And Rab Interactor 2","Protein Coding","42","GC20P019759","0.555530309677124","https://www.genecards.org/cgi-bin/carddisp.pl?gene=RIN2"
"DNAI1","Dynein Axonemal Intermediate Chain 1","Protein Coding","41","GC09P034457","0.555530309677124","https://www.genecards.org/cgi-bin/carddisp.pl?gene=DNAI1"
"AHI1","Abelson Helper Integration Site 1","Protein Coding","41","GC06M135283","0.555530309677124","https://www.genecards.org/cgi-bin/carddisp.pl?gene=AHI1"
"FMOD","Fibromodulin","Protein Coding","41","GC01M203340","0.555530309677124","https://www.genecards.org/cgi-bin/carddisp.pl?gene=FMOD"
"INPP5E","Inositol Polyphosphate-5-Phosphatase E","Protein Coding","41","GC09M136428","0.555530309677124","https://www.genecards.org/cgi-bin/carddisp.pl?gene=INPP5E"
"INPP5J","Inositol Polyphosphate-5-Phosphatase J","Protein Coding","41","GC22P031162","0.555530309677124","https://www.genecards.org/cgi-bin/carddisp.pl?gene=INPP5J"
"KMT2D","Lysine Methyltransferase 2D","Protein Coding","41","GC12M049018","0.555530309677124","https://www.genecards.org/cgi-bin/carddisp.pl?gene=KMT2D"
"KDM4C","Lysine Demethylase 4C","Protein Coding","41","GC09P006720","0.555530309677124","https://www.genecards.org/cgi-bin/carddisp.pl?gene=KDM4C"
"NIPBL","NIPBL Cohesin Loading Factor","Protein Coding","41","GC05P036876","0.555530309677124","https://www.genecards.org/cgi-bin/carddisp.pl?gene=NIPBL"
"PIP4K2B","Phosphatidylinositol-5-Phosphate 4-Kinase Type 2 Beta","Protein Coding","41","GC17M038765","0.555530309677124","https://www.genecards.org/cgi-bin/carddisp.pl?gene=PIP4K2B"
"SLC47A1","Solute Carrier Family 47 Member 1","Protein Coding","41","GC17P019495","0.555530309677124","https://www.genecards.org/cgi-bin/carddisp.pl?gene=SLC47A1"
"UPF1","UPF1 RNA Helicase And ATPase","Protein Coding","41","GC19P018831","0.555530309677124","https://www.genecards.org/cgi-bin/carddisp.pl?gene=UPF1"
"RAB35","RAB35, Member RAS Oncogene Family","Protein Coding","41","GC12M120096","0.555530309677124","https://www.genecards.org/cgi-bin/carddisp.pl?gene=RAB35"
"ATOX1","Antioxidant 1 Copper Chaperone","Protein Coding","40","GC05M151743","0.555530309677124","https://www.genecards.org/cgi-bin/carddisp.pl?gene=ATOX1"
"ING3","Inhibitor Of Growth Family Member 3","Protein Coding","40","GC07P120950","0.555530309677124","https://www.genecards.org/cgi-bin/carddisp.pl?gene=ING3"
"HEY2","Hes Related Family BHLH Transcription Factor With YRPW Motif 2","Protein Coding","40","GC06P125730","0.555530309677124","https://www.genecards.org/cgi-bin/carddisp.pl?gene=HEY2"
"LTBP4","Latent Transforming Growth Factor Beta Binding Protein 4","Protein Coding","40","GC19P040592","0.555530309677124","https://www.genecards.org/cgi-bin/carddisp.pl?gene=LTBP4"
"PLEK","Pleckstrin","Protein Coding","40","GC02P068365","0.555530309677124","https://www.genecards.org/cgi-bin/carddisp.pl?gene=PLEK"
"PHF6","PHD Finger Protein 6","Protein Coding","40","GC0XP134373","0.555530309677124","https://www.genecards.org/cgi-bin/carddisp.pl?gene=PHF6"
"SYNJ2","Synaptojanin 2","Protein Coding","40","GC06P157981","0.555530309677124","https://www.genecards.org/cgi-bin/carddisp.pl?gene=SYNJ2"
"RAB6A","RAB6A, Member RAS Oncogene Family","Protein Coding","40","GC11M073680","0.555530309677124","https://www.genecards.org/cgi-bin/carddisp.pl?gene=RAB6A"
"RAB8A","RAB8A, Member RAS Oncogene Family","Protein Coding","40","GC19P016111","0.555530309677124","https://www.genecards.org/cgi-bin/carddisp.pl?gene=RAB8A"
"SRCAP","Snf2 Related CREBBP Activator Protein","Protein Coding","40","GC16P033483","0.555530309677124","https://www.genecards.org/cgi-bin/carddisp.pl?gene=SRCAP"
"AP1S1","Adaptor Related Protein Complex 1 Subunit Sigma 1","Protein Coding","39","GC07P101154","0.555530309677124","https://www.genecards.org/cgi-bin/carddisp.pl?gene=AP1S1"
"HEYL","Hes Related Family BHLH Transcription Factor With YRPW Motif Like","Protein Coding","39","GC01M039623","0.555530309677124","https://www.genecards.org/cgi-bin/carddisp.pl?gene=HEYL"
"PLRG1","Pleiotropic Regulator 1","Protein Coding","39","GC04M154534","0.555530309677124","https://www.genecards.org/cgi-bin/carddisp.pl?gene=PLRG1"
"TAF3","TATA-Box Binding Protein Associated Factor 3","Protein Coding","39","GC10P007860","0.555530309677124","https://www.genecards.org/cgi-bin/carddisp.pl?gene=TAF3"
"SACM1L","SAC1 Like Phosphatidylinositide Phosphatase","Protein Coding","39","GC03P045739","0.555530309677124","https://www.genecards.org/cgi-bin/carddisp.pl?gene=SACM1L"
"ASPM","Assembly Factor For Spindle Microtubules","Protein Coding","38","GC01M197084","0.555530309677124","https://www.genecards.org/cgi-bin/carddisp.pl?gene=ASPM"
"GORAB","Golgin, RAB6 Interacting","Protein Coding","38","GC01P170501","0.555530309677124","https://www.genecards.org/cgi-bin/carddisp.pl?gene=GORAB"
"NUDT6","Nudix Hydrolase 6","Protein Coding","38","GC04M122888","0.555530309677124","https://www.genecards.org/cgi-bin/carddisp.pl?gene=NUDT6"
"TRIM31","Tripartite Motif Containing 31","Protein Coding","38","GC06M049019","0.555530309677124","https://www.genecards.org/cgi-bin/carddisp.pl?gene=TRIM31"
"PRRT2","Proline Rich Transmembrane Protein 2","Protein Coding","38","GC16P029811","0.555530309677124","https://www.genecards.org/cgi-bin/carddisp.pl?gene=PRRT2"
"OMD","Osteomodulin","Protein Coding","38","GC09M092414","0.555530309677124","https://www.genecards.org/cgi-bin/carddisp.pl?gene=OMD"
"DUSP14","Dual Specificity Phosphatase 14","Protein Coding","37","GC17P037489","0.555530309677124","https://www.genecards.org/cgi-bin/carddisp.pl?gene=DUSP14"
"EOGT","EGF Domain Specific O-Linked N-Acetylglucosamine Transferase","Protein Coding","37","GC03M068975","0.555530309677124","https://www.genecards.org/cgi-bin/carddisp.pl?gene=EOGT"
"FBXO3","F-Box Protein 3","Protein Coding","37","GC11M033740","0.555530309677124","https://www.genecards.org/cgi-bin/carddisp.pl?gene=FBXO3"
"HYDIN","HYDIN Axonemal Central Pair Apparatus Protein","Protein Coding","37","GC16M070859","0.555530309677124","https://www.genecards.org/cgi-bin/carddisp.pl?gene=HYDIN"
"FAHD2A","Fumarylacetoacetate Hydrolase Domain Containing 2A","Protein Coding","36","GC02P095405","0.555530309677124","https://www.genecards.org/cgi-bin/carddisp.pl?gene=FAHD2A"
"GPR180","G Protein-Coupled Receptor 180","Protein Coding","36","GC13P094601","0.555530309677124","https://www.genecards.org/cgi-bin/carddisp.pl?gene=GPR180"
"HES7","Hes Family BHLH Transcription Factor 7","Protein Coding","36","GC17M008120","0.555530309677124","https://www.genecards.org/cgi-bin/carddisp.pl?gene=HES7"
"NEUROD4","Neuronal Differentiation 4","Protein Coding","36","GC12P055023","0.555530309677124","https://www.genecards.org/cgi-bin/carddisp.pl?gene=NEUROD4"
"PMCH","Pro-Melanin Concentrating Hormone","Protein Coding","36","GC12M102196","0.555530309677124","https://www.genecards.org/cgi-bin/carddisp.pl?gene=PMCH"
"LRRC39","Leucine Rich Repeat Containing 39","Protein Coding","36","GC01M100148","0.555530309677124","https://www.genecards.org/cgi-bin/carddisp.pl?gene=LRRC39"
"ZNF346","Zinc Finger Protein 346","Protein Coding","36","GC05P177022","0.555530309677124","https://www.genecards.org/cgi-bin/carddisp.pl?gene=ZNF346"
"ADGRV1","Adhesion G Protein-Coupled Receptor V1","Protein Coding","35","GC05P090529","0.555530309677124","https://www.genecards.org/cgi-bin/carddisp.pl?gene=ADGRV1"
"GLYATL1","Glycine-N-Acyltransferase Like 1","Protein Coding","35","GC11P058906","0.555530309677124","https://www.genecards.org/cgi-bin/carddisp.pl?gene=GLYATL1"
"MESP2","Mesoderm Posterior BHLH Transcription Factor 2","Protein Coding","35","GC15P089770","0.555530309677124","https://www.genecards.org/cgi-bin/carddisp.pl?gene=MESP2"
"SIDT1","SID1 Transmembrane Family Member 1","Protein Coding","35","GC03P113532","0.555530309677124","https://www.genecards.org/cgi-bin/carddisp.pl?gene=SIDT1"
"SPPL3","Signal Peptide Peptidase Like 3","Protein Coding","35","GC12M121583","0.555530309677124","https://www.genecards.org/cgi-bin/carddisp.pl?gene=SPPL3"
"NLRP13","NLR Family Pyrin Domain Containing 13","Protein Coding","34","GC19M055892","0.555530309677124","https://www.genecards.org/cgi-bin/carddisp.pl?gene=NLRP13"
"STON1","Stonin 1","Protein Coding","34","GC02P048530","0.555530309677124","https://www.genecards.org/cgi-bin/carddisp.pl?gene=STON1"
"YIPF6","Yip1 Domain Family Member 6","Protein Coding","34","GC0XP068498","0.555530309677124","https://www.genecards.org/cgi-bin/carddisp.pl?gene=YIPF6"
"WDTC1","WD And Tetratricopeptide Repeats 1","Protein Coding","34","GC01P027245","0.555530309677124","https://www.genecards.org/cgi-bin/carddisp.pl?gene=WDTC1"
"CAMTA2","Calmodulin Binding Transcription Activator 2","Protein Coding","33","GC17M005079","0.555530309677124","https://www.genecards.org/cgi-bin/carddisp.pl?gene=CAMTA2"
"H4-16","H4 Histone 16","Protein Coding","33","GC12M016380","0.555530309677124","https://www.genecards.org/cgi-bin/carddisp.pl?gene=H4-16"
"SLC36A3","Solute Carrier Family 36 Member 3","Protein Coding","33","GC05M151276","0.555530309677124","https://www.genecards.org/cgi-bin/carddisp.pl?gene=SLC36A3"
"H4C1","H4 Clustered Histone 1","Protein Coding","32","GC06P058076","0.555530309677124","https://www.genecards.org/cgi-bin/carddisp.pl?gene=H4C1"
"H2BC21","H2B Clustered Histone 21","Protein Coding","32","GC01M150210","0.555530309677124","https://www.genecards.org/cgi-bin/carddisp.pl?gene=H2BC21"
"H2AC20","H2A Clustered Histone 20","Protein Coding","31","GC01P149997","0.555530309677124","https://www.genecards.org/cgi-bin/carddisp.pl?gene=H2AC20"
"ATP5IF1","ATP Synthase Inhibitory Factor Subunit 1","Protein Coding","30","GC01P028237","0.555530309677124","https://www.genecards.org/cgi-bin/carddisp.pl?gene=ATP5IF1"
"H4C2","H4 Clustered Histone 2","Protein Coding","30","GC06M026026","0.555530309677124","https://www.genecards.org/cgi-bin/carddisp.pl?gene=H4C2"
"PSORS1C2","Psoriasis Susceptibility 1 Candidate 2","Protein Coding","30","GC06M031137","0.555530309677124","https://www.genecards.org/cgi-bin/carddisp.pl?gene=PSORS1C2"
"H4C11","H4 Clustered Histone 11","Protein Coding","29","GC06P058139","0.555530309677124","https://www.genecards.org/cgi-bin/carddisp.pl?gene=H4C11"
"H4C12","H4 Clustered Histone 12","Protein Coding","29","GC06M049504","0.555530309677124","https://www.genecards.org/cgi-bin/carddisp.pl?gene=H4C12"
"H4C3","H4 Clustered Histone 3","Protein Coding","29","GC06P058081","0.555530309677124","https://www.genecards.org/cgi-bin/carddisp.pl?gene=H4C3"
"H4C8","H4 Clustered Histone 8","Protein Coding","29","GC06M049509","0.555530309677124","https://www.genecards.org/cgi-bin/carddisp.pl?gene=H4C8"
"H4C9","H4 Clustered Histone 9","Protein Coding","29","GC06P058745","0.555530309677124","https://www.genecards.org/cgi-bin/carddisp.pl?gene=H4C9"
"GDPGP1","GDP-D-Glucose Phosphorylase 1","Protein Coding","29","GC15P090233","0.555530309677124","https://www.genecards.org/cgi-bin/carddisp.pl?gene=GDPGP1"
"CFAP47","Cilia And Flagella Associated Protein 47","Protein Coding","28","GC0XP035919","0.555530309677124","https://www.genecards.org/cgi-bin/carddisp.pl?gene=CFAP47"
"H4C14","H4 Clustered Histone 14","Protein Coding","28","GC01P149832","0.555530309677124","https://www.genecards.org/cgi-bin/carddisp.pl?gene=H4C14"
"H4C6","H4 Clustered Histone 6","Protein Coding","28","GC06P058744","0.555530309677124","https://www.genecards.org/cgi-bin/carddisp.pl?gene=H4C6"
"H4C13","H4 Clustered Histone 13","Protein Coding","27","GC06M049505","0.555530309677124","https://www.genecards.org/cgi-bin/carddisp.pl?gene=H4C13"
"H4C5","H4 Clustered Histone 5","Protein Coding","27","GC06P058743","0.555530309677124","https://www.genecards.org/cgi-bin/carddisp.pl?gene=H4C5"
"PHETA1","PH Domain Containing Endocytic Trafficking Adaptor 1","Protein Coding","27","GC12M111361","0.555530309677124","https://www.genecards.org/cgi-bin/carddisp.pl?gene=PHETA1"
"H4C15","H4 Clustered Histone 15","Protein Coding","26","GC01M150206","0.555530309677124","https://www.genecards.org/cgi-bin/carddisp.pl?gene=H4C15"
"H4C4","H4 Clustered Histone 4","Protein Coding","26","GC06M049507","0.555530309677124","https://www.genecards.org/cgi-bin/carddisp.pl?gene=H4C4"
"RFLNB","Refilin B","Protein Coding","24","GC17M000544","0.555530309677124","https://www.genecards.org/cgi-bin/carddisp.pl?gene=RFLNB"
"STPG3","Sperm-Tail PG-Rich Repeat Containing 3","Protein Coding","23","GC09P137251","0.555530309677124","https://www.genecards.org/cgi-bin/carddisp.pl?gene=STPG3"
"MIR9-1","MicroRNA 9-1","RNA Gene","21","GC01M156420","0.555530309677124","https://www.genecards.org/cgi-bin/carddisp.pl?gene=MIR9-1"
"H3-2","H3.2 Histone (Putative)","Protein Coding","17","GC01M143894","0.555530309677124","https://www.genecards.org/cgi-bin/carddisp.pl?gene=H3-2"
"MIR4260","MicroRNA 4260","RNA Gene","13","GC01M209623","0.555530309677124","https://www.genecards.org/cgi-bin/carddisp.pl?gene=MIR4260"
"MIR1972-1","MicroRNA 1972-1","RNA Gene","12","GC16M015012","0.555530309677124","https://www.genecards.org/cgi-bin/carddisp.pl?gene=MIR1972-1"
"NOS2","Nitric Oxide Synthase 2","Protein Coding","50","GC17M027756","0.538973450660706","https://www.genecards.org/cgi-bin/carddisp.pl?gene=NOS2"
"FOXO1","Forkhead Box O1","Protein Coding","48","GC13M040555","0.538973450660706","https://www.genecards.org/cgi-bin/carddisp.pl?gene=FOXO1"
"TP73","Tumor Protein P73","Protein Coding","45","GC01P003652","0.538973450660706","https://www.genecards.org/cgi-bin/carddisp.pl?gene=TP73"
"SNAI1","Snail Family Transcriptional Repressor 1","Protein Coding","44","GC20P049982","0.538973450660706","https://www.genecards.org/cgi-bin/carddisp.pl?gene=SNAI1"
"PLOD1","Procollagen-Lysine,2-Oxoglutarate 5-Dioxygenase 1","Protein Coding","42","GC01P011934","0.538973450660706","https://www.genecards.org/cgi-bin/carddisp.pl?gene=PLOD1"
"GNAI1","G Protein Subunit Alpha I1","Protein Coding","47","GC07P079769","0.493720531463623","https://www.genecards.org/cgi-bin/carddisp.pl?gene=GNAI1"
"GNAI2","G Protein Subunit Alpha I2","Protein Coding","47","GC03P050226","0.493720531463623","https://www.genecards.org/cgi-bin/carddisp.pl?gene=GNAI2"
"GNAI3","G Protein Subunit Alpha I3","Protein Coding","47","GC01P109548","0.493720531463623","https://www.genecards.org/cgi-bin/carddisp.pl?gene=GNAI3"
"XDH","Xanthine Dehydrogenase","Protein Coding","47","GC02M031334","0.493720531463623","https://www.genecards.org/cgi-bin/carddisp.pl?gene=XDH"
"NR4A3","Nuclear Receptor Subfamily 4 Group A Member 3","Protein Coding","46","GC09P099821","0.493720531463623","https://www.genecards.org/cgi-bin/carddisp.pl?gene=NR4A3"
"S100A1","S100 Calcium Binding Protein A1","Protein Coding","41","GC01P153627","0.493720531463623","https://www.genecards.org/cgi-bin/carddisp.pl?gene=S100A1"
"F2R","Coagulation Factor II Thrombin Receptor","Protein Coding","47","GC05P076716","0.434745758771896","https://www.genecards.org/cgi-bin/carddisp.pl?gene=F2R"
"CYBB","Cytochrome B-245 Beta Chain","Protein Coding","47","GC0XP037780","0.434745758771896","https://www.genecards.org/cgi-bin/carddisp.pl?gene=CYBB"
"COL3A1","Collagen Type III Alpha 1 Chain","Protein Coding","46","GC02P188974","0.434745758771896","https://www.genecards.org/cgi-bin/carddisp.pl?gene=COL3A1"
"F2RL1","F2R Like Trypsin Receptor 1","Protein Coding","46","GC05P076818","0.434745758771896","https://www.genecards.org/cgi-bin/carddisp.pl?gene=F2RL1"
"PLOD2","Procollagen-Lysine,2-Oxoglutarate 5-Dioxygenase 2","Protein Coding","45","GC03M146069","0.434745758771896","https://www.genecards.org/cgi-bin/carddisp.pl?gene=PLOD2"
"PLOD3","Procollagen-Lysine,2-Oxoglutarate 5-Dioxygenase 3","Protein Coding","45","GC07M101205","0.434745758771896","https://www.genecards.org/cgi-bin/carddisp.pl?gene=PLOD3"
"HBEGF","Heparin Binding EGF Like Growth Factor","Protein Coding","43","GC05M140332","0.434745758771896","https://www.genecards.org/cgi-bin/carddisp.pl?gene=HBEGF"
"MEP1A","Meprin A Subunit Alpha","Protein Coding","42","GC06P046793","0.434745758771896","https://www.genecards.org/cgi-bin/carddisp.pl?gene=MEP1A"
"CAMP","Cathelicidin Antimicrobial Peptide","Protein Coding","41","GC03P048359","0.434745758771896","https://www.genecards.org/cgi-bin/carddisp.pl?gene=CAMP"
"FGF7","Fibroblast Growth Factor 7","Protein Coding","41","GC15P049423","0.434745758771896","https://www.genecards.org/cgi-bin/carddisp.pl?gene=FGF7"
"MEP1B","Meprin A Subunit Beta","Protein Coding","41","GC18P032185","0.434745758771896","https://www.genecards.org/cgi-bin/carddisp.pl?gene=MEP1B"
"FSTL3","Follistatin Like 3","Protein Coding","38","GC19P000676","0.434745758771896","https://www.genecards.org/cgi-bin/carddisp.pl?gene=FSTL3"
"S100A12","S100 Calcium Binding Protein A12","Protein Coding","38","GC01M153373","0.434745758771896","https://www.genecards.org/cgi-bin/carddisp.pl?gene=S100A12"
"VIM","Vimentin","Protein Coding","50","GC10P017227","0.318366229534149","https://www.genecards.org/cgi-bin/carddisp.pl?gene=VIM"
"GZMB","Granzyme B","Protein Coding","45","GC14M024630","0.318366229534149","https://www.genecards.org/cgi-bin/carddisp.pl?gene=GZMB"
"GJA1","Gap Junction Protein Alpha 1","Protein Coding","51","GC06P121436","0.292368054389954","https://www.genecards.org/cgi-bin/carddisp.pl?gene=GJA1"
"BMP1","Bone Morphogenetic Protein 1","Protein Coding","46","GC08P022164","0.292368054389954","https://www.genecards.org/cgi-bin/carddisp.pl?gene=BMP1"
"WNT1","Wnt Family Member 1","Protein Coding","45","GC12P049053","0.292368054389954","https://www.genecards.org/cgi-bin/carddisp.pl?gene=WNT1"
"MYC","MYC Proto-Oncogene, BHLH Transcription Factor","Protein Coding","51","GC08P127735","0.284755408763885","https://www.genecards.org/cgi-bin/carddisp.pl?gene=MYC"
"DES","Desmin","Protein Coding","47","GC02P219418","0.284755408763885","https://www.genecards.org/cgi-bin/carddisp.pl?gene=DES"
"GLUL","Glutamate-Ammonia Ligase","Protein Coding","48","GC01M182378","0.246605426073074","https://www.genecards.org/cgi-bin/carddisp.pl?gene=GLUL"
"ESR2","Estrogen Receptor 2","Protein Coding","49","GC14M064084","0.201352491974831","https://www.genecards.org/cgi-bin/carddisp.pl?gene=ESR2"
"MMP7","Matrix Metallopeptidase 7","Protein Coding","48","GC11M102425","0.201352491974831","https://www.genecards.org/cgi-bin/carddisp.pl?gene=MMP7"
"MAPKAPK2","MAPK Activated Protein Kinase 2","Protein Coding","48","GC01P206684","0.201352491974831","https://www.genecards.org/cgi-bin/carddisp.pl?gene=MAPKAPK2"
"MUC1","Mucin 1, Cell Surface Associated","Protein Coding","47","GC01M155185","0.201352491974831","https://www.genecards.org/cgi-bin/carddisp.pl?gene=MUC1"
"ABCC9","ATP Binding Cassette Subfamily C Member 9","Protein Coding","45","GC12M021797","0.201352491974831","https://www.genecards.org/cgi-bin/carddisp.pl?gene=ABCC9"
"KCNA2","Potassium Voltage-Gated Channel Subfamily A Member 2","Protein Coding","45","GC01M110519","0.201352491974831","https://www.genecards.org/cgi-bin/carddisp.pl?gene=KCNA2"
"SFN","Stratifin","Protein Coding","45","GC01P026940","0.201352491974831","https://www.genecards.org/cgi-bin/carddisp.pl?gene=SFN"
"S100B","S100 Calcium Binding Protein B","Protein Coding","45","GC21M048631","0.201352491974831","https://www.genecards.org/cgi-bin/carddisp.pl?gene=S100B"
"MX1","MX Dynamin Like GTPase 1","Protein Coding","42","GC21P041420","0.201352491974831","https://www.genecards.org/cgi-bin/carddisp.pl?gene=MX1"
"PIK3AP1","Phosphoinositide-3-Kinase Adaptor Protein 1","Protein Coding","40","GC10M096593","0.201352491974831","https://www.genecards.org/cgi-bin/carddisp.pl?gene=PIK3AP1"
"BRAF","B-Raf Proto-Oncogene, Serine/Threonine Kinase","Protein Coding","53","GC07M140718","0.142377704381943","https://www.genecards.org/cgi-bin/carddisp.pl?gene=BRAF"
"NTRK2","Neurotrophic Receptor Tyrosine Kinase 2","Protein Coding","52","GC09P084668","0.142377704381943","https://www.genecards.org/cgi-bin/carddisp.pl?gene=NTRK2"
"MMP3","Matrix Metallopeptidase 3","Protein Coding","51","GC11M102835","0.142377704381943","https://www.genecards.org/cgi-bin/carddisp.pl?gene=MMP3"
"NT5E","5'-Nucleotidase Ecto","Protein Coding","51","GC06P085449","0.142377704381943","https://www.genecards.org/cgi-bin/carddisp.pl?gene=NT5E"
"IL2RA","Interleukin 2 Receptor Subunit Alpha","Protein Coding","50","GC10M006010","0.142377704381943","https://www.genecards.org/cgi-bin/carddisp.pl?gene=IL2RA"
"SPARC","Secreted Protein Acidic And Cysteine Rich","Protein Coding","50","GC05M151661","0.142377704381943","https://www.genecards.org/cgi-bin/carddisp.pl?gene=SPARC"
"PTPRC","Protein Tyrosine Phosphatase Receptor Type C","Protein Coding","50","GC01P198607","0.142377704381943","https://www.genecards.org/cgi-bin/carddisp.pl?gene=PTPRC"
"NTRK1","Neurotrophic Receptor Tyrosine Kinase 1","Protein Coding","49","GC01P156815","0.142377704381943","https://www.genecards.org/cgi-bin/carddisp.pl?gene=NTRK1"
"GATA4","GATA Binding Protein 4","Protein Coding","48","GC08P011676","0.142377704381943","https://www.genecards.org/cgi-bin/carddisp.pl?gene=GATA4"
"COL2A1","Collagen Type II Alpha 1 Chain","Protein Coding","48","GC12M047972","0.142377704381943","https://www.genecards.org/cgi-bin/carddisp.pl?gene=COL2A1"
"CDKN1C","Cyclin Dependent Kinase Inhibitor 1C","Protein Coding","47","GC11M002897","0.142377704381943","https://www.genecards.org/cgi-bin/carddisp.pl?gene=CDKN1C"
"GLI1","GLI Family Zinc Finger 1","Protein Coding","47","GC12P057460","0.142377704381943","https://www.genecards.org/cgi-bin/carddisp.pl?gene=GLI1"
"CFI","Complement Factor I","Protein Coding","46","GC04M109732","0.142377704381943","https://www.genecards.org/cgi-bin/carddisp.pl?gene=CFI"
"MMP10","Matrix Metallopeptidase 10","Protein Coding","46","GC11M102770","0.142377704381943","https://www.genecards.org/cgi-bin/carddisp.pl?gene=MMP10"
"BECN1","Beclin 1","Protein Coding","45","GC17M042810","0.142377704381943","https://www.genecards.org/cgi-bin/carddisp.pl?gene=BECN1"
"ERN1","Endoplasmic Reticulum To Nucleus Signaling 1","Protein Coding","45","GC17M064039","0.142377704381943","https://www.genecards.org/cgi-bin/carddisp.pl?gene=ERN1"
"ENG","Endoglin","Protein Coding","45","GC09M127815","0.142377704381943","https://www.genecards.org/cgi-bin/carddisp.pl?gene=ENG"
"SOX10","SRY-Box Transcription Factor 10","Protein Coding","45","GC22M050933","0.142377704381943","https://www.genecards.org/cgi-bin/carddisp.pl?gene=SOX10"
"KITLG","KIT Ligand","Protein Coding","44","GC12M088492","0.142377704381943","https://www.genecards.org/cgi-bin/carddisp.pl?gene=KITLG"
"COL11A1","Collagen Type XI Alpha 1 Chain","Protein Coding","43","GC01M102876","0.142377704381943","https://www.genecards.org/cgi-bin/carddisp.pl?gene=COL11A1"
"MB","Myoglobin","Protein Coding","43","GC22M035606","0.142377704381943","https://www.genecards.org/cgi-bin/carddisp.pl?gene=MB"
"MMP24","Matrix Metallopeptidase 24","Protein Coding","43","GC20P035226","0.142377704381943","https://www.genecards.org/cgi-bin/carddisp.pl?gene=MMP24"
"SERPINB5","Serpin Family B Member 5","Protein Coding","43","GC18P063476","0.142377704381943","https://www.genecards.org/cgi-bin/carddisp.pl?gene=SERPINB5"
"EDA","Ectodysplasin A","Protein Coding","42","GC0XP069618","0.142377704381943","https://www.genecards.org/cgi-bin/carddisp.pl?gene=EDA"
"MFAP2","Microfibril Associated Protein 2","Protein Coding","41","GC01M016974","0.142377704381943","https://www.genecards.org/cgi-bin/carddisp.pl?gene=MFAP2"
"CALB2","Calbindin 2","Protein Coding","40","GC16P071392","0.142377704381943","https://www.genecards.org/cgi-bin/carddisp.pl?gene=CALB2"
"PRG2","Proteoglycan 2, Pro Eosinophil Major Basic Protein","Protein Coding","40","GC11M057386","0.142377704381943","https://www.genecards.org/cgi-bin/carddisp.pl?gene=PRG2"
"PECAM1","Platelet And Endothelial Cell Adhesion Molecule 1","Protein Coding","40","GC17M064319","0.142377704381943","https://www.genecards.org/cgi-bin/carddisp.pl?gene=PECAM1"
"CCL3","C-C Motif Chemokine Ligand 3","Protein Coding","39","GC17M036088","0.142377704381943","https://www.genecards.org/cgi-bin/carddisp.pl?gene=CCL3"
"SLPI","Secretory Leukocyte Peptidase Inhibitor","Protein Coding","39","GC20M045252","0.142377704381943","https://www.genecards.org/cgi-bin/carddisp.pl?gene=SLPI"
"CEMIP","Cell Migration Inducing Hyaluronidase 1","Protein Coding","33","GC15P080779","0.142377704381943","https://www.genecards.org/cgi-bin/carddisp.pl?gene=CEMIP"
"CEMIP2","Cell Migration Inducing Hyaluronidase 2","Protein Coding","27","GC09M071684","0.142377704381943","https://www.genecards.org/cgi-bin/carddisp.pl?gene=CEMIP2"
"MIR145","MicroRNA 145","RNA Gene","22","GC05P149430","0.142377704381943","https://www.genecards.org/cgi-bin/carddisp.pl?gene=MIR145"
"MIR200B","MicroRNA 200b","RNA Gene","21","GC01P001167","0.142377704381943","https://www.genecards.org/cgi-bin/carddisp.pl?gene=MIR200B"
"MIR506","MicroRNA 506","RNA Gene","15","GC0XM147230","0.142377704381943","https://www.genecards.org/cgi-bin/carddisp.pl?gene=MIR506"
